transaction_id,customer_id,partner_id,product_id,transaction_date,amount,revenue,is_repeat,cross_sell,status
T00001,C096,P14,PR01,2025-08-18,6221,186.63,Yes,No,Success
T00002,C048,P20,PR01,2025-11-03,36821,1104.63,No,No,Success
T00003,C372,P18,PR03,2025-05-05,6050,302.5,Yes,Yes,Success
T00004,C138,P16,PR01,2025-03-16,20234,607.02,Yes,No,Success
T00005,C185,P09,PR04,2025-05-07,5541,221.64,No,No,Success
T00006,C156,P01,PR04,2025-07-22,9379,375.16,Yes,No,Success
T00007,C221,P20,PR02,2025-03-11,22437,560.93,Yes,No,Success
T00008,C494,P13,PR04,2025-06-13,12141,485.64,Yes,No,Success
T00009,C167,P13,PR05,2025-05-24,16387,327.74,No,No,Success
T00010,C280,P06,PR05,2025-12-16,39312,786.24,No,Yes,Success
T00011,C225,P10,PR07,2025-12-21,14239,213.58,Yes,No,Success
T00012,C325,P10,PR05,2025-05-04,9621,192.42,Yes,Yes,Success
T00013,C307,P16,PR03,2025-10-26,29930,1496.5,Yes,No,Failed
T00014,C019,P12,PR05,2025-12-26,36128,722.56,No,No,Success
T00015,C337,P12,PR01,2025-03-27,16768,503.04,No,Yes,Pending
T00016,C496,P11,PR05,2025-08-09,26689,533.78,Yes,Yes,Success
T00017,C298,P19,PR05,2025-04-24,37068,741.36,Yes,No,Success
T00018,C078,P12,PR05,2025-01-13,33298,665.96,Yes,No,Failed
T00019,C073,P12,PR01,2025-06-09,48351,1450.53,Yes,No,Success
T00020,C225,P15,PR02,2025-06-13,6897,172.43,Yes,Yes,Success
T00021,C332,P04,PR01,2025-12-13,22983,689.49,No,No,Success
T00022,C082,P11,PR05,2025-10-14,36669,733.38,Yes,No,Success
T00023,C328,P14,PR05,2025-07-22,12715,254.3,Yes,No,Success
T00024,C003,P07,PR05,2025-04-16,25982,519.64,Yes,No,Success
T00025,C096,P12,PR05,2025-06-16,35685,713.7,Yes,Yes,Success
T00026,C161,P20,PR04,2025-07-18,42384,1695.36,No,No,Success
T00027,C089,P10,PR06,2025-11-11,40959,1433.57,Yes,No,Success
T00028,C094,P12,PR02,2025-12-22,8164,204.1,Yes,No,Success
T00029,C096,P16,PR05,2025-11-22,28224,564.48,Yes,No,Failed
T00030,C251,P10,PR01,2025-03-13,11435,343.05,Yes,No,Success
T00031,C249,P05,PR06,2025-04-10,1128,39.48,No,No,Success
T00032,C252,P14,PR04,2025-12-30,45372,1814.88,No,No,Success
T00033,C150,P02,PR01,2025-05-21,14952,448.56,Yes,No,Success
T00034,C282,P17,PR05,2025-02-27,32960,659.2,Yes,No,Success
T00035,C422,P02,PR08,2025-08-14,36023,720.46,Yes,No,Success
T00036,C127,P10,PR06,2025-01-17,49740,1740.9,Yes,No,Success
T00037,C398,P08,PR04,2025-04-18,8193,327.72,No,No,Success
T00038,C220,P06,PR05,2025-11-12,41969,839.38,Yes,Yes,Success
T00039,C273,P09,PR01,2025-11-02,23491,704.73,Yes,No,Success
T00040,C488,P17,PR02,2025-12-14,18020,450.5,No,Yes,Success
T00041,C142,P05,PR03,2025-12-26,4385,219.25,No,Yes,Success
T00042,C202,P16,PR06,2025-03-14,44817,1568.6,Yes,No,Success
T00043,C407,P03,PR04,2025-07-26,42025,1681.0,Yes,No,Failed
T00044,C168,P19,PR03,2025-01-02,32484,1624.2,No,No,Success
T00045,C341,P12,PR08,2025-02-02,42104,842.08,No,No,Pending
T00046,C138,P11,PR06,2025-05-26,32921,1152.24,Yes,No,Success
T00047,C458,P02,PR04,2025-01-24,23027,921.08,Yes,No,Success
T00048,C226,P15,PR01,2025-01-01,10853,325.59,No,No,Pending
T00049,C155,P06,PR06,2025-05-21,43098,1508.43,Yes,No,Success
T00050,C085,P02,PR05,2025-07-22,43027,860.54,No,No,Success
T00051,C361,P04,PR04,2025-01-01,6476,259.04,Yes,Yes,Success
T00052,C005,P01,PR05,2025-12-23,29667,593.34,Yes,Yes,Failed
T00053,C037,P08,PR05,2025-07-16,31806,636.12,Yes,No,Success
T00054,C071,P13,PR03,2025-03-10,20111,1005.55,No,No,Success
T00055,C333,P06,PR05,2025-08-14,40497,809.94,Yes,Yes,Success
T00056,C352,P15,PR06,2025-04-22,40875,1430.63,Yes,Yes,Success
T00057,C180,P14,PR05,2025-06-11,25667,513.34,No,Yes,Success
T00058,C308,P20,PR02,2025-05-26,39887,997.18,No,No,Success
T00059,C106,P17,PR05,2025-11-07,20268,405.36,Yes,No,Success
T00060,C254,P13,PR01,2025-02-27,16185,485.55,Yes,No,Success
T00061,C185,P11,PR06,2025-03-09,1290,45.15,Yes,No,Success
T00062,C391,P16,PR05,2025-02-07,11822,236.44,Yes,Yes,Success
T00063,C486,P13,PR01,2025-09-17,4462,133.86,Yes,No,Success
T00064,C043,P18,PR04,2025-10-03,26863,1074.52,No,No,Success
T00065,C499,P05,PR05,2025-10-02,13816,276.32,Yes,No,Success
T00066,C034,P10,PR05,2025-12-24,42649,852.98,Yes,No,Success
T00067,C060,P15,PR02,2025-11-10,28974,724.35,No,No,Success
T00068,C007,P05,PR05,2025-12-26,8327,166.54,Yes,No,Success
T00069,C133,P06,PR05,2025-07-10,47736,954.72,Yes,No,Success
T00070,C172,P14,PR06,2025-05-20,2423,84.81,Yes,No,Pending
T00071,C234,P17,PR05,2025-07-04,33015,660.3,Yes,No,Success
T00072,C458,P19,PR01,2025-12-12,7243,217.29,No,Yes,Success
T00073,C126,P02,PR01,2025-08-30,1305,39.15,Yes,No,Success
T00074,C284,P14,PR07,2025-04-25,2817,42.25,Yes,No,Success
T00075,C293,P12,PR02,2025-03-03,5604,140.1,Yes,No,Success
T00076,C489,P13,PR06,2025-02-05,3509,122.82,No,No,Success
T00077,C284,P15,PR02,2025-01-05,6161,154.03,Yes,No,Success
T00078,C238,P12,PR05,2025-10-30,16397,327.94,No,No,Success
T00079,C390,P08,PR05,2025-03-19,36319,726.38,Yes,No,Success
T00080,C450,P01,PR02,2025-06-21,45946,1148.65,Yes,No,Success
T00081,C106,P17,PR05,2025-05-02,7312,146.24,Yes,No,Pending
T00082,C048,P02,PR01,2025-04-29,18838,565.14,No,No,Success
T00083,C044,P19,PR03,2025-02-18,49514,2475.7,Yes,No,Success
T00084,C223,P05,PR05,2025-05-02,4581,91.62,Yes,No,Failed
T00085,C168,P11,PR03,2025-08-20,48692,2434.6,Yes,Yes,Success
T00086,C056,P05,PR05,2025-02-24,38819,776.38,Yes,No,Success
T00087,C232,P10,PR05,2025-08-26,14107,282.14,Yes,Yes,Success
T00088,C357,P20,PR05,2025-01-21,46683,933.66,Yes,No,Success
T00089,C203,P17,PR05,2025-01-26,23813,476.26,No,No,Pending
T00090,C438,P15,PR01,2025-10-12,27002,810.06,No,Yes,Success
T00091,C063,P01,PR06,2025-02-01,9661,338.14,No,No,Success
T00092,C352,P03,PR06,2025-10-26,24895,871.33,Yes,No,Success
T00093,C463,P15,PR08,2025-03-07,13459,269.18,Yes,No,Success
T00094,C026,P06,PR01,2025-10-21,30711,921.33,Yes,No,Success
T00095,C089,P12,PR03,2025-04-20,28461,1423.05,No,No,Success
T00096,C318,P20,PR01,2025-05-06,40746,1222.38,No,No,Failed
T00097,C144,P13,PR04,2025-03-12,6248,249.92,Yes,No,Success
T00098,C407,P01,PR02,2025-07-15,36129,903.23,No,No,Success
T00099,C258,P11,PR04,2025-07-18,37570,1502.8,Yes,Yes,Success
T00100,C030,P16,PR01,2025-09-29,18911,567.33,Yes,No,Success
T00101,C337,P08,PR01,2025-05-17,16743,502.29,Yes,No,Success
T00102,C295,P13,PR05,2025-07-01,14879,297.58,No,No,Success
T00103,C413,P12,PR02,2025-10-30,21340,533.5,Yes,No,Failed
T00104,C486,P07,PR05,2025-09-10,37403,748.06,Yes,Yes,Success
T00105,C113,P01,PR01,2025-09-27,39930,1197.9,Yes,No,Success
T00106,C368,P06,PR06,2025-06-15,22831,799.09,Yes,Yes,Success
T00107,C434,P17,PR01,2025-07-06,7769,233.07,No,No,Failed
T00108,C173,P10,PR03,2025-06-15,7121,356.05,Yes,Yes,Failed
T00109,C333,P11,PR05,2025-03-31,32429,648.58,No,No,Failed
T00110,C115,P19,PR05,2025-03-31,23884,477.68,Yes,No,Success
T00111,C486,P19,PR01,2025-07-20,617,18.51,No,No,Success
T00112,C472,P20,PR01,2025-04-24,21354,640.62,No,Yes,Success
T00113,C122,P12,PR02,2025-06-13,5599,139.97,Yes,No,Success
T00114,C374,P11,PR05,2025-08-17,42384,847.68,Yes,Yes,Success
T00115,C369,P01,PR03,2025-01-25,7580,379.0,Yes,No,Pending
T00116,C452,P13,PR06,2025-06-29,32814,1148.49,Yes,Yes,Success
T00117,C389,P08,PR06,2025-03-25,43161,1510.64,Yes,No,Success
T00118,C488,P04,PR01,2025-02-07,17613,528.39,Yes,No,Success
T00119,C174,P20,PR01,2025-11-11,6601,198.03,No,No,Success
T00120,C456,P14,PR05,2025-03-22,40301,806.02,Yes,No,Pending
T00121,C370,P18,PR03,2025-05-16,36814,1840.7,No,No,Success
T00122,C431,P16,PR03,2025-03-20,36522,1826.1,Yes,Yes,Success
T00123,C308,P16,PR06,2025-04-13,41465,1451.28,Yes,Yes,Success
T00124,C433,P04,PR08,2025-06-07,31535,630.7,No,No,Failed
T00125,C279,P13,PR02,2025-04-05,42565,1064.12,Yes,No,Success
T00126,C239,P09,PR01,2025-04-26,29318,879.54,No,No,Success
T00127,C044,P12,PR05,2025-10-05,6837,136.74,Yes,No,Success
T00128,C420,P17,PR01,2025-08-03,25869,776.07,No,No,Failed
T00129,C244,P10,PR05,2025-02-10,15943,318.86,Yes,No,Success
T00130,C410,P19,PR05,2025-12-13,34370,687.4,No,Yes,Failed
T00131,C498,P07,PR04,2025-04-09,11455,458.2,Yes,No,Pending
T00132,C076,P20,PR04,2025-05-13,41605,1664.2,Yes,No,Success
T00133,C204,P18,PR01,2025-06-16,36961,1108.83,No,No,Failed
T00134,C320,P19,PR01,2025-09-25,46402,1392.06,No,Yes,Success
T00135,C389,P04,PR05,2025-02-24,38686,773.72,Yes,Yes,Success
T00136,C450,P14,PR05,2025-05-16,23035,460.7,Yes,No,Success
T00137,C207,P05,PR01,2025-11-13,18549,556.47,No,No,Success
T00138,C354,P08,PR06,2025-01-26,22224,777.84,No,No,Failed
T00139,C160,P09,PR01,2025-09-09,20361,610.83,No,No,Pending
T00140,C499,P15,PR02,2025-06-14,20192,504.8,Yes,No,Success
T00141,C468,P14,PR01,2025-09-06,14353,430.59,No,No,Success
T00142,C034,P10,PR05,2025-12-30,10918,218.36,Yes,Yes,Failed
T00143,C089,P07,PR06,2025-04-13,2397,83.9,No,Yes,Success
T00144,C102,P09,PR06,2025-07-08,46678,1633.73,No,No,Success
T00145,C124,P12,PR01,2025-09-08,2502,75.06,Yes,Yes,Failed
T00146,C177,P06,PR05,2025-05-13,23421,468.42,No,No,Success
T00147,C438,P19,PR03,2025-04-20,11176,558.8,No,No,Success
T00148,C263,P01,PR02,2025-12-16,27337,683.43,Yes,No,Success
T00149,C115,P09,PR05,2025-11-08,1054,21.08,No,No,Pending
T00150,C459,P13,PR05,2025-06-28,28274,565.48,Yes,Yes,Success
T00151,C204,P19,PR05,2025-02-22,41368,827.36,Yes,No,Pending
T00152,C332,P20,PR06,2025-11-08,37295,1305.33,Yes,No,Success
T00153,C328,P11,PR02,2025-05-22,18619,465.48,Yes,No,Failed
T00154,C265,P08,PR02,2025-01-30,10325,258.12,No,No,Success
T00155,C072,P01,PR05,2025-12-02,45114,902.28,Yes,No,Failed
T00156,C019,P19,PR03,2025-12-29,48782,2439.1,No,No,Success
T00157,C274,P16,PR05,2025-12-10,45478,909.56,Yes,No,Success
T00158,C093,P10,PR05,2025-02-19,37085,741.7,Yes,No,Success
T00159,C485,P11,PR05,2025-12-02,12497,249.94,Yes,No,Success
T00160,C191,P09,PR02,2025-10-27,22213,555.33,Yes,No,Success
T00161,C298,P20,PR06,2025-02-06,38745,1356.08,Yes,Yes,Success
T00162,C153,P14,PR05,2025-01-28,35223,704.46,No,Yes,Pending
T00163,C458,P15,PR02,2025-03-15,37816,945.4,Yes,No,Success
T00164,C091,P11,PR04,2025-11-21,41855,1674.2,Yes,No,Success
T00165,C392,P06,PR05,2025-09-08,38267,765.34,No,No,Success
T00166,C207,P14,PR04,2025-09-02,28641,1145.64,Yes,Yes,Success
T00167,C457,P11,PR03,2025-09-29,1422,71.1,Yes,No,Success
T00168,C450,P12,PR02,2025-06-09,45950,1148.75,Yes,No,Success
T00169,C153,P10,PR01,2025-08-22,3496,104.88,No,No,Success
T00170,C176,P16,PR06,2025-07-03,9268,324.38,No,Yes,Failed
T00171,C117,P08,PR06,2025-03-09,1753,61.36,Yes,Yes,Success
T00172,C334,P02,PR01,2025-07-12,47103,1413.09,No,No,Success
T00173,C339,P04,PR01,2025-12-01,3643,109.29,No,Yes,Success
T00174,C281,P09,PR04,2025-08-31,8599,343.96,No,Yes,Success
T00175,C339,P04,PR01,2025-12-06,28082,842.46,Yes,No,Success
T00176,C262,P20,PR03,2025-03-02,7375,368.75,Yes,No,Success
T00177,C426,P17,PR05,2025-04-14,17735,354.7,Yes,No,Success
T00178,C353,P16,PR05,2025-06-19,14111,282.22,Yes,Yes,Success
T00179,C343,P16,PR01,2025-03-18,38127,1143.81,No,No,Success
T00180,C330,P08,PR05,2025-08-22,17270,345.4,No,No,Success
T00181,C448,P02,PR01,2025-05-29,11949,358.47,Yes,No,Success
T00182,C005,P05,PR01,2025-12-06,3507,105.21,No,No,Failed
T00183,C450,P03,PR07,2025-07-10,18083,271.25,No,Yes,Success
T00184,C428,P13,PR07,2025-12-20,18314,274.71,No,No,Success
T00185,C068,P02,PR05,2025-03-23,7909,158.18,Yes,No,Success
T00186,C093,P20,PR05,2025-07-14,29215,584.3,No,No,Failed
T00187,C499,P05,PR06,2025-09-05,48162,1685.67,No,Yes,Success
T00188,C336,P11,PR01,2025-01-07,17645,529.35,No,No,Success
T00189,C115,P11,PR05,2025-09-23,37528,750.56,Yes,No,Success
T00190,C247,P12,PR05,2025-12-06,16790,335.8,No,No,Success
T00191,C028,P01,PR05,2025-11-26,40667,813.34,No,No,Success
T00192,C039,P16,PR04,2025-06-14,11339,453.56,Yes,No,Success
T00193,C194,P13,PR02,2025-05-01,42660,1066.5,Yes,No,Success
T00194,C229,P11,PR01,2025-03-02,33166,994.98,No,No,Success
T00195,C286,P18,PR03,2025-01-01,2848,142.4,No,No,Pending
T00196,C288,P07,PR05,2025-12-02,33814,676.28,No,No,Success
T00197,C433,P15,PR01,2025-06-19,15109,453.27,Yes,No,Success
T00198,C232,P04,PR05,2025-02-19,47418,948.36,No,Yes,Success
T00199,C281,P17,PR06,2025-07-11,19635,687.23,No,Yes,Success
T00200,C381,P14,PR01,2025-02-24,47479,1424.37,Yes,Yes,Success
T00201,C235,P07,PR06,2025-06-23,14628,511.98,Yes,No,Failed
T00202,C064,P15,PR06,2025-08-23,39088,1368.08,No,No,Success
T00203,C377,P02,PR04,2025-10-11,35257,1410.28,No,No,Success
T00204,C355,P19,PR05,2025-03-30,12113,242.26,No,Yes,Success
T00205,C259,P13,PR05,2025-08-03,21592,431.84,No,No,Success
T00206,C497,P10,PR02,2025-08-20,22969,574.23,No,Yes,Success
T00207,C154,P18,PR06,2025-06-10,34073,1192.56,No,No,Success
T00208,C366,P10,PR02,2025-12-18,41405,1035.12,Yes,No,Pending
T00209,C258,P18,PR05,2025-12-22,12153,243.06,No,No,Success
T00210,C293,P14,PR05,2025-12-12,38694,773.88,No,No,Success
T00211,C268,P04,PR06,2025-01-13,1336,46.76,Yes,Yes,Success
T00212,C147,P09,PR02,2025-03-16,11047,276.18,No,No,Success
T00213,C184,P15,PR05,2025-02-22,2617,52.34,No,No,Success
T00214,C288,P13,PR02,2025-05-02,42909,1072.73,Yes,No,Success
T00215,C475,P13,PR05,2025-07-18,3578,71.56,Yes,No,Success
T00216,C007,P09,PR07,2025-04-14,4025,60.38,No,No,Failed
T00217,C361,P12,PR06,2025-10-29,42035,1471.23,Yes,No,Success
T00218,C230,P06,PR07,2025-12-16,19779,296.69,Yes,No,Success
T00219,C220,P09,PR01,2025-10-12,3163,94.89,Yes,Yes,Success
T00220,C364,P05,PR01,2025-01-21,31061,931.83,Yes,No,Success
T00221,C432,P10,PR07,2025-09-09,40844,612.66,No,No,Success
T00222,C113,P06,PR05,2025-09-24,34932,698.64,Yes,No,Success
T00223,C179,P08,PR05,2025-04-20,6525,130.5,No,No,Success
T00224,C272,P16,PR07,2025-10-15,41019,615.28,No,No,Success
T00225,C124,P20,PR05,2025-11-15,29707,594.14,Yes,Yes,Failed
T00226,C198,P09,PR03,2025-10-04,7930,396.5,No,Yes,Success
T00227,C412,P17,PR05,2025-08-17,34205,684.1,Yes,No,Success
T00228,C486,P04,PR02,2025-03-27,5896,147.4,No,No,Success
T00229,C344,P07,PR05,2025-12-17,14313,286.26,Yes,Yes,Success
T00230,C397,P14,PR05,2025-11-28,49086,981.72,No,Yes,Success
T00231,C170,P02,PR01,2025-02-14,47480,1424.4,Yes,Yes,Success
T00232,C467,P09,PR01,2025-07-28,15418,462.54,Yes,No,Success
T00233,C061,P18,PR01,2025-01-04,44625,1338.75,No,No,Success
T00234,C435,P03,PR05,2025-07-03,46433,928.66,No,Yes,Success
T00235,C145,P15,PR02,2025-07-15,6169,154.23,Yes,No,Success
T00236,C383,P13,PR05,2025-10-07,9437,188.74,Yes,No,Success
T00237,C332,P12,PR06,2025-01-06,48297,1690.4,Yes,No,Success
T00238,C202,P18,PR01,2025-10-08,39602,1188.06,No,No,Success
T00239,C109,P14,PR06,2025-11-27,23034,806.19,No,Yes,Success
T00240,C100,P04,PR05,2025-04-03,17063,341.26,No,No,Success
T00241,C237,P18,PR05,2025-02-07,36469,729.38,Yes,Yes,Success
T00242,C488,P11,PR05,2025-07-02,32428,648.56,Yes,No,Success
T00243,C163,P16,PR05,2025-08-19,13181,263.62,Yes,No,Success
T00244,C187,P11,PR01,2025-08-08,37649,1129.47,Yes,No,Success
T00245,C224,P09,PR05,2025-07-04,42497,849.94,Yes,No,Failed
T00246,C397,P10,PR04,2025-09-07,24010,960.4,Yes,Yes,Success
T00247,C457,P18,PR06,2025-04-11,9675,338.63,Yes,No,Success
T00248,C435,P17,PR01,2025-11-20,1720,51.6,Yes,No,Success
T00249,C283,P09,PR05,2025-10-06,2902,58.04,No,No,Success
T00250,C115,P19,PR01,2025-05-29,26222,786.66,Yes,No,Success
T00251,C340,P08,PR03,2025-11-11,1194,59.7,No,No,Success
T00252,C486,P19,PR01,2025-12-04,37616,1128.48,No,Yes,Success
T00253,C113,P16,PR07,2025-04-29,3148,47.22,Yes,No,Success
T00254,C199,P16,PR02,2025-08-21,24174,604.35,No,Yes,Success
T00255,C325,P09,PR01,2025-05-15,34668,1040.04,Yes,No,Success
T00256,C335,P03,PR03,2025-09-22,39014,1950.7,Yes,No,Success
T00257,C250,P16,PR03,2025-11-06,23112,1155.6,Yes,No,Success
T00258,C330,P09,PR02,2025-04-19,34220,855.5,Yes,Yes,Success
T00259,C118,P14,PR06,2025-06-19,43826,1533.91,No,No,Success
T00260,C332,P14,PR02,2025-01-12,11067,276.68,Yes,Yes,Success
T00261,C021,P19,PR01,2025-03-17,34096,1022.88,Yes,No,Success
T00262,C497,P19,PR07,2025-11-23,39779,596.68,Yes,No,Success
T00263,C111,P15,PR02,2025-11-07,6119,152.97,No,No,Success
T00264,C074,P19,PR06,2025-04-04,39876,1395.66,No,No,Success
T00265,C306,P19,PR05,2025-02-05,30218,604.36,Yes,No,Success
T00266,C351,P14,PR02,2025-03-18,33553,838.83,No,Yes,Failed
T00267,C258,P04,PR05,2025-02-17,35327,706.54,Yes,Yes,Success
T00268,C333,P14,PR06,2025-09-25,44970,1573.95,Yes,No,Success
T00269,C405,P13,PR04,2025-06-29,32096,1283.84,Yes,No,Success
T00270,C218,P05,PR05,2025-05-11,6903,138.06,Yes,Yes,Failed
T00271,C210,P09,PR02,2025-04-07,36133,903.33,Yes,No,Success
T00272,C004,P13,PR05,2025-12-02,34563,691.26,Yes,No,Success
T00273,C334,P19,PR01,2025-05-10,28423,852.69,Yes,No,Success
T00274,C204,P07,PR05,2025-07-31,45104,902.08,Yes,No,Success
T00275,C130,P10,PR05,2025-10-23,32203,644.06,Yes,No,Success
T00276,C061,P08,PR06,2025-08-17,43706,1529.71,No,No,Success
T00277,C411,P18,PR05,2025-11-11,22679,453.58,No,No,Success
T00278,C412,P03,PR07,2025-03-16,846,12.69,Yes,No,Success
T00279,C041,P20,PR02,2025-01-20,24803,620.08,No,No,Success
T00280,C365,P20,PR05,2025-01-30,19274,385.48,No,No,Success
T00281,C436,P17,PR04,2025-05-27,13719,548.76,Yes,No,Success
T00282,C087,P02,PR05,2025-07-04,40817,816.34,Yes,Yes,Success
T00283,C181,P13,PR08,2025-07-27,26677,533.54,Yes,No,Success
T00284,C282,P10,PR01,2025-10-14,6409,192.27,No,No,Pending
T00285,C494,P07,PR02,2025-08-21,40238,1005.95,No,No,Success
T00286,C287,P03,PR03,2025-09-15,7477,373.85,Yes,No,Success
T00287,C417,P19,PR07,2025-05-09,35752,536.28,No,No,Success
T00288,C493,P15,PR05,2025-12-15,22760,455.2,Yes,No,Success
T00289,C196,P08,PR01,2025-12-13,4927,147.81,No,No,Success
T00290,C005,P09,PR03,2025-05-08,35604,1780.2,Yes,No,Success
T00291,C477,P06,PR02,2025-09-01,36843,921.08,Yes,Yes,Success
T00292,C350,P07,PR01,2025-09-13,49400,1482.0,No,Yes,Success
T00293,C104,P08,PR02,2025-11-13,15521,388.03,Yes,No,Success
T00294,C253,P20,PR01,2025-01-04,43978,1319.34,No,No,Success
T00295,C162,P16,PR04,2025-10-22,41176,1647.04,No,No,Pending
T00296,C204,P08,PR06,2025-10-23,18867,660.35,Yes,No,Success
T00297,C258,P12,PR07,2025-07-21,2634,39.51,No,No,Success
T00298,C236,P11,PR01,2025-12-19,34461,1033.83,Yes,No,Success
T00299,C314,P09,PR01,2025-04-06,24197,725.91,Yes,Yes,Success
T00300,C095,P16,PR05,2025-08-06,24481,489.62,Yes,No,Success
T00301,C231,P06,PR06,2025-10-20,18825,658.88,Yes,No,Success
T00302,C412,P08,PR01,2025-10-12,18191,545.73,Yes,No,Success
T00303,C243,P01,PR07,2025-04-01,10300,154.5,Yes,Yes,Failed
T00304,C369,P11,PR05,2025-09-07,35495,709.9,Yes,No,Success
T00305,C084,P02,PR03,2025-04-21,45755,2287.75,No,No,Success
T00306,C134,P12,PR04,2025-07-04,22432,897.28,Yes,No,Success
T00307,C180,P20,PR01,2025-04-12,8445,253.35,Yes,No,Success
T00308,C182,P11,PR08,2025-12-11,19152,383.04,Yes,No,Success
T00309,C147,P15,PR01,2025-11-20,40717,1221.51,No,No,Success
T00310,C324,P20,PR07,2025-10-20,28144,422.16,Yes,No,Success
T00311,C163,P10,PR02,2025-12-30,21044,526.1,Yes,No,Success
T00312,C383,P19,PR04,2025-09-24,24300,972.0,No,No,Success
T00313,C121,P09,PR01,2025-12-25,48195,1445.85,No,Yes,Success
T00314,C281,P02,PR01,2025-01-14,31510,945.3,No,No,Pending
T00315,C080,P03,PR01,2025-12-02,41007,1230.21,No,No,Success
T00316,C321,P05,PR05,2025-03-09,29542,590.84,Yes,Yes,Success
T00317,C443,P16,PR03,2025-08-28,21812,1090.6,No,No,Success
T00318,C277,P06,PR04,2025-10-30,46219,1848.76,Yes,No,Success
T00319,C328,P18,PR05,2025-06-08,34805,696.1,No,No,Success
T00320,C188,P14,PR01,2025-05-14,20676,620.28,Yes,Yes,Success
T00321,C177,P10,PR05,2025-08-29,9432,188.64,Yes,No,Success
T00322,C005,P14,PR05,2025-05-30,20135,402.7,Yes,No,Success
T00323,C224,P13,PR01,2025-05-08,37236,1117.08,Yes,No,Success
T00324,C041,P14,PR03,2025-11-17,17734,886.7,Yes,No,Failed
T00325,C140,P10,PR06,2025-11-29,45368,1587.88,No,No,Success
T00326,C070,P10,PR06,2025-02-26,12454,435.89,No,No,Success
T00327,C165,P01,PR05,2025-03-19,12806,256.12,Yes,No,Success
T00328,C065,P15,PR01,2025-01-05,18141,544.23,Yes,Yes,Success
T00329,C403,P16,PR02,2025-07-10,20919,522.98,Yes,No,Success
T00330,C029,P09,PR06,2025-07-20,10074,352.59,Yes,No,Success
T00331,C425,P01,PR06,2025-03-04,25507,892.75,No,No,Success
T00332,C378,P02,PR08,2025-04-12,16698,333.96,Yes,No,Success
T00333,C200,P10,PR08,2025-06-15,31487,629.74,Yes,No,Success
T00334,C130,P16,PR05,2025-11-23,8504,170.08,Yes,No,Success
T00335,C121,P14,PR05,2025-06-16,7900,158.0,Yes,No,Success
T00336,C005,P02,PR03,2025-10-25,16431,821.55,No,No,Success
T00337,C128,P06,PR03,2025-09-13,6364,318.2,Yes,No,Failed
T00338,C031,P02,PR08,2025-07-02,41468,829.36,No,No,Success
T00339,C163,P18,PR01,2025-11-27,15748,472.44,No,No,Success
T00340,C194,P12,PR01,2025-03-10,45670,1370.1,Yes,Yes,Success
T00341,C357,P16,PR05,2025-04-08,36068,721.36,Yes,No,Success
T00342,C469,P18,PR04,2025-03-24,39735,1589.4,Yes,Yes,Success
T00343,C233,P01,PR02,2025-11-23,24559,613.98,Yes,No,Failed
T00344,C398,P20,PR05,2025-05-03,24360,487.2,Yes,Yes,Pending
T00345,C269,P16,PR06,2025-10-10,12943,453.01,Yes,No,Success
T00346,C268,P03,PR02,2025-01-23,6808,170.2,No,Yes,Failed
T00347,C099,P04,PR02,2025-01-17,32309,807.73,Yes,No,Success
T00348,C303,P09,PR05,2025-01-26,46461,929.22,Yes,No,Success
T00349,C336,P16,PR07,2025-02-10,14179,212.69,Yes,No,Success
T00350,C421,P12,PR05,2025-12-29,27759,555.18,Yes,No,Success
T00351,C040,P07,PR05,2025-09-23,20416,408.32,Yes,No,Success
T00352,C337,P08,PR01,2025-10-19,34984,1049.52,No,Yes,Success
T00353,C393,P19,PR03,2025-07-03,7414,370.7,No,No,Success
T00354,C282,P13,PR01,2025-09-16,12322,369.66,Yes,Yes,Pending
T00355,C463,P11,PR04,2025-10-09,23589,943.56,No,No,Success
T00356,C423,P11,PR05,2025-11-08,28719,574.38,Yes,No,Success
T00357,C131,P12,PR05,2025-08-20,49296,985.92,Yes,No,Success
T00358,C009,P17,PR08,2025-03-11,39543,790.86,No,No,Success
T00359,C012,P09,PR02,2025-10-11,21137,528.43,Yes,No,Success
T00360,C183,P05,PR01,2025-03-12,30670,920.1,Yes,No,Success
T00361,C048,P19,PR02,2025-07-24,20180,504.5,Yes,Yes,Success
T00362,C089,P16,PR02,2025-12-20,32123,803.08,No,No,Success
T00363,C375,P19,PR05,2025-07-15,2949,58.98,Yes,Yes,Success
T00364,C214,P04,PR02,2025-04-27,28962,724.05,No,No,Failed
T00365,C196,P02,PR05,2025-06-06,41931,838.62,Yes,No,Success
T00366,C114,P05,PR02,2025-01-26,46228,1155.7,No,No,Pending
T00367,C259,P03,PR05,2025-04-24,38199,763.98,Yes,No,Success
T00368,C293,P02,PR02,2025-10-08,31685,792.12,Yes,Yes,Success
T00369,C391,P05,PR05,2025-09-04,9044,180.88,Yes,No,Success
T00370,C377,P17,PR01,2025-05-07,40869,1226.07,Yes,No,Success
T00371,C046,P04,PR05,2025-12-10,38249,764.98,Yes,No,Success
T00372,C013,P10,PR02,2025-03-28,43452,1086.3,No,No,Pending
T00373,C226,P02,PR04,2025-04-30,10056,402.24,Yes,No,Success
T00374,C379,P02,PR06,2025-05-05,7864,275.24,No,No,Failed
T00375,C176,P04,PR06,2025-06-06,1400,49.0,Yes,Yes,Success
T00376,C280,P17,PR05,2025-05-13,13856,277.12,Yes,No,Pending
T00377,C010,P13,PR05,2025-10-26,44295,885.9,No,No,Success
T00378,C405,P20,PR01,2025-05-19,13652,409.56,Yes,No,Success
T00379,C340,P12,PR03,2025-02-25,18280,914.0,Yes,No,Success
T00380,C261,P04,PR02,2025-06-11,25449,636.23,Yes,No,Success
T00381,C288,P01,PR01,2025-01-21,30514,915.42,Yes,No,Success
T00382,C010,P12,PR03,2025-12-17,10789,539.45,Yes,No,Success
T00383,C142,P02,PR08,2025-11-17,33350,667.0,Yes,No,Pending
T00384,C486,P09,PR08,2025-04-26,36868,737.36,Yes,No,Success
T00385,C267,P20,PR01,2025-11-17,25548,766.44,No,No,Success
T00386,C466,P20,PR04,2025-06-18,20972,838.88,Yes,Yes,Success
T00387,C410,P07,PR05,2025-03-12,45329,906.58,Yes,No,Success
T00388,C336,P19,PR01,2025-03-22,10012,300.36,Yes,No,Failed
T00389,C430,P05,PR01,2025-01-16,21314,639.42,No,No,Success
T00390,C382,P09,PR03,2025-03-19,29532,1476.6,No,Yes,Success
T00391,C316,P09,PR05,2025-11-07,40606,812.12,Yes,Yes,Success
T00392,C041,P16,PR05,2025-03-10,24044,480.88,Yes,No,Success
T00393,C252,P16,PR03,2025-03-12,25892,1294.6,Yes,Yes,Success
T00394,C487,P14,PR07,2025-04-24,18185,272.77,No,No,Success
T00395,C444,P20,PR01,2025-09-08,29288,878.64,No,No,Failed
T00396,C312,P13,PR04,2025-06-10,3241,129.64,Yes,No,Success
T00397,C449,P02,PR05,2025-09-24,42534,850.68,Yes,No,Failed
T00398,C266,P18,PR06,2025-07-22,16603,581.11,No,Yes,Success
T00399,C098,P10,PR05,2025-08-14,3730,74.6,Yes,No,Success
T00400,C151,P20,PR04,2025-01-28,28186,1127.44,No,No,Success
T00401,C370,P17,PR05,2025-02-27,6427,128.54,Yes,No,Failed
T00402,C212,P11,PR05,2025-08-19,26260,525.2,Yes,No,Failed
T00403,C047,P09,PR06,2025-06-15,30298,1060.43,No,No,Success
T00404,C047,P04,PR05,2025-12-28,8596,171.92,Yes,No,Success
T00405,C314,P06,PR03,2025-07-13,34032,1701.6,Yes,Yes,Success
T00406,C442,P05,PR02,2025-03-25,43722,1093.05,No,Yes,Success
T00407,C374,P15,PR03,2025-05-28,20784,1039.2,No,Yes,Success
T00408,C392,P09,PR02,2025-01-07,41300,1032.5,Yes,No,Success
T00409,C122,P07,PR01,2025-10-29,32839,985.17,No,No,Success
T00410,C126,P18,PR05,2025-05-23,930,18.6,No,No,Success
T00411,C029,P12,PR01,2025-01-19,10216,306.48,Yes,Yes,Success
T00412,C472,P03,PR05,2025-01-26,22199,443.98,Yes,No,Success
T00413,C355,P20,PR02,2025-10-21,43814,1095.35,No,Yes,Success
T00414,C048,P10,PR05,2025-06-15,2848,56.96,Yes,No,Success
T00415,C034,P10,PR04,2025-08-30,36575,1463.0,Yes,No,Success
T00416,C108,P07,PR05,2025-11-10,34883,697.66,Yes,No,Pending
T00417,C248,P20,PR05,2025-12-28,6245,124.9,Yes,No,Success
T00418,C182,P05,PR05,2025-11-11,41344,826.88,Yes,No,Success
T00419,C453,P20,PR04,2025-04-30,12290,491.6,No,No,Success
T00420,C408,P04,PR01,2025-04-17,41490,1244.7,No,No,Success
T00421,C413,P07,PR02,2025-01-06,37227,930.68,No,No,Success
T00422,C260,P18,PR01,2025-06-15,20179,605.37,No,Yes,Success
T00423,C316,P01,PR03,2025-03-31,37784,1889.2,Yes,No,Failed
T00424,C409,P02,PR04,2025-11-27,31596,1263.84,Yes,Yes,Success
T00425,C237,P14,PR06,2025-01-29,22461,786.14,No,No,Success
T00426,C010,P07,PR02,2025-10-23,35619,890.48,No,No,Failed
T00427,C144,P01,PR03,2025-06-23,10284,514.2,No,No,Success
T00428,C096,P20,PR05,2025-03-01,26030,520.6,No,No,Success
T00429,C140,P14,PR02,2025-02-14,2572,64.3,Yes,Yes,Success
T00430,C269,P10,PR07,2025-03-31,14664,219.96,Yes,No,Success
T00431,C260,P01,PR06,2025-09-05,29583,1035.41,No,Yes,Success
T00432,C159,P11,PR04,2025-03-15,34816,1392.64,No,Yes,Pending
T00433,C106,P02,PR05,2025-08-24,9197,183.94,Yes,No,Success
T00434,C352,P20,PR02,2025-02-14,3385,84.62,Yes,No,Success
T00435,C160,P01,PR05,2025-10-23,49360,987.2,No,No,Success
T00436,C142,P18,PR02,2025-06-13,19280,482.0,No,No,Success
T00437,C008,P20,PR01,2025-10-14,8001,240.03,Yes,Yes,Success
T00438,C483,P10,PR02,2025-10-21,9777,244.43,Yes,Yes,Success
T00439,C026,P05,PR02,2025-01-15,29574,739.35,Yes,No,Success
T00440,C201,P06,PR01,2025-12-27,28448,853.44,Yes,No,Success
T00441,C183,P10,PR05,2025-06-20,40890,817.8,No,No,Success
T00442,C291,P05,PR05,2025-02-17,31019,620.38,No,No,Success
T00443,C330,P15,PR04,2025-08-29,45357,1814.28,Yes,Yes,Failed
T00444,C201,P06,PR05,2025-12-25,24319,486.38,No,No,Failed
T00445,C016,P03,PR02,2025-09-01,32449,811.23,Yes,No,Success
T00446,C310,P19,PR02,2025-03-07,23346,583.65,Yes,No,Success
T00447,C333,P03,PR01,2025-06-04,36947,1108.41,Yes,No,Success
T00448,C082,P16,PR05,2025-07-16,36410,728.2,Yes,Yes,Success
T00449,C291,P11,PR04,2025-10-06,29031,1161.24,No,Yes,Success
T00450,C294,P16,PR05,2025-02-28,47155,943.1,Yes,No,Success
T00451,C158,P13,PR06,2025-02-05,12045,421.58,Yes,No,Success
T00452,C254,P02,PR06,2025-02-16,21957,768.5,Yes,Yes,Success
T00453,C388,P05,PR05,2025-12-05,512,10.24,Yes,No,Success
T00454,C106,P11,PR05,2025-06-03,13323,266.46,Yes,No,Success
T00455,C368,P12,PR07,2025-02-15,28990,434.85,Yes,No,Success
T00456,C032,P12,PR06,2025-10-09,19779,692.27,No,Yes,Success
T00457,C441,P10,PR08,2025-01-16,7689,153.78,Yes,No,Success
T00458,C208,P13,PR02,2025-08-11,25586,639.65,Yes,No,Success
T00459,C432,P12,PR01,2025-08-02,25704,771.12,Yes,No,Success
T00460,C332,P01,PR01,2025-03-15,5201,156.03,No,No,Success
T00461,C071,P14,PR08,2025-08-22,6048,120.96,No,No,Failed
T00462,C261,P14,PR05,2025-10-10,30279,605.58,No,No,Success
T00463,C296,P16,PR04,2025-05-02,986,39.44,No,No,Failed
T00464,C020,P19,PR05,2025-09-05,2692,53.84,No,Yes,Success
T00465,C374,P17,PR05,2025-05-24,9811,196.22,Yes,Yes,Failed
T00466,C323,P03,PR01,2025-12-17,31462,943.86,No,No,Success
T00467,C274,P01,PR01,2025-08-29,23014,690.42,Yes,No,Success
T00468,C492,P10,PR02,2025-05-29,23628,590.7,Yes,No,Success
T00469,C134,P02,PR02,2025-11-19,37443,936.08,Yes,Yes,Success
T00470,C320,P01,PR08,2025-05-27,48824,976.48,Yes,Yes,Success
T00471,C068,P20,PR05,2025-05-24,17018,340.36,Yes,No,Success
T00472,C379,P05,PR05,2025-12-04,39282,785.64,Yes,No,Success
T00473,C093,P17,PR05,2025-01-17,32279,645.58,Yes,Yes,Success
T00474,C429,P16,PR07,2025-07-31,10602,159.03,No,Yes,Success
T00475,C296,P12,PR05,2025-01-28,14318,286.36,No,No,Success
T00476,C244,P10,PR01,2025-09-01,26632,798.96,No,No,Success
T00477,C200,P16,PR03,2025-05-15,46742,2337.1,Yes,No,Success
T00478,C196,P11,PR07,2025-09-29,29913,448.69,No,Yes,Failed
T00479,C313,P09,PR05,2025-06-21,28797,575.94,Yes,No,Success
T00480,C396,P08,PR05,2025-12-11,30719,614.38,Yes,Yes,Success
T00481,C161,P18,PR05,2025-01-06,12291,245.82,No,No,Success
T00482,C351,P15,PR01,2025-06-29,7309,219.27,Yes,No,Success
T00483,C030,P20,PR01,2025-12-03,6525,195.75,No,Yes,Success
T00484,C045,P20,PR01,2025-03-08,8362,250.86,Yes,No,Success
T00485,C459,P04,PR06,2025-12-23,12608,441.28,Yes,No,Success
T00486,C473,P09,PR01,2025-08-07,30216,906.48,No,No,Success
T00487,C142,P02,PR02,2025-07-15,5349,133.72,Yes,No,Success
T00488,C226,P03,PR06,2025-09-09,12160,425.6,No,Yes,Success
T00489,C074,P18,PR05,2025-08-09,7606,152.12,Yes,No,Failed
T00490,C018,P03,PR05,2025-02-06,7269,145.38,Yes,No,Success
T00491,C335,P01,PR06,2025-01-20,10255,358.93,No,No,Success
T00492,C002,P17,PR06,2025-12-29,38159,1335.57,No,No,Success
T00493,C277,P08,PR06,2025-01-02,5094,178.29,Yes,No,Success
T00494,C479,P12,PR01,2025-06-20,35581,1067.43,No,No,Success
T00495,C188,P18,PR07,2025-06-24,6441,96.61,Yes,No,Success
T00496,C284,P02,PR05,2025-07-16,12074,241.48,No,No,Success
T00497,C184,P16,PR01,2025-02-13,45643,1369.29,No,No,Success
T00498,C369,P19,PR01,2025-05-03,2162,64.86,Yes,Yes,Success
T00499,C495,P15,PR02,2025-01-09,35492,887.3,Yes,Yes,Success
T00500,C109,P17,PR01,2025-08-23,8245,247.35,No,No,Success
T00501,C474,P03,PR05,2025-01-19,15768,315.36,No,No,Success
T00502,C024,P08,PR06,2025-12-26,41025,1435.88,No,Yes,Success
T00503,C234,P20,PR06,2025-03-29,6876,240.66,No,Yes,Success
T00504,C410,P20,PR01,2025-04-23,39492,1184.76,Yes,Yes,Success
T00505,C348,P13,PR06,2025-06-16,48860,1710.1,Yes,No,Success
T00506,C392,P02,PR02,2025-10-31,14474,361.85,Yes,Yes,Success
T00507,C357,P12,PR05,2025-10-11,11513,230.26,Yes,Yes,Success
T00508,C314,P13,PR01,2025-03-22,41931,1257.93,Yes,No,Success
T00509,C362,P19,PR01,2025-05-26,6341,190.23,Yes,No,Success
T00510,C074,P09,PR05,2025-09-25,14010,280.2,Yes,Yes,Success
T00511,C093,P16,PR05,2025-11-10,39577,791.54,No,No,Success
T00512,C286,P08,PR02,2025-04-09,799,19.98,Yes,No,Success
T00513,C260,P08,PR03,2025-08-26,35871,1793.55,No,No,Success
T00514,C351,P16,PR01,2025-09-12,10279,308.37,Yes,No,Success
T00515,C108,P14,PR05,2025-05-09,19181,383.62,Yes,No,Success
T00516,C027,P18,PR01,2025-04-01,49023,1470.69,Yes,Yes,Success
T00517,C370,P15,PR01,2025-10-31,15920,477.6,Yes,No,Success
T00518,C399,P04,PR06,2025-06-16,15577,545.2,Yes,Yes,Success
T00519,C038,P16,PR01,2025-10-27,14961,448.83,Yes,No,Success
T00520,C092,P13,PR07,2025-07-11,30318,454.77,Yes,No,Success
T00521,C172,P05,PR08,2025-01-17,13752,275.04,No,Yes,Success
T00522,C215,P06,PR06,2025-06-25,30553,1069.36,Yes,No,Success
T00523,C464,P06,PR05,2025-10-23,40577,811.54,No,No,Success
T00524,C442,P07,PR06,2025-10-30,32561,1139.64,Yes,No,Success
T00525,C127,P11,PR04,2025-08-11,16664,666.56,Yes,No,Success
T00526,C460,P01,PR01,2025-08-02,38098,1142.94,No,Yes,Success
T00527,C218,P17,PR05,2025-07-21,2703,54.06,Yes,No,Success
T00528,C043,P18,PR04,2025-01-07,16262,650.48,No,No,Success
T00529,C332,P03,PR03,2025-01-09,16167,808.35,Yes,No,Success
T00530,C299,P01,PR06,2025-08-21,49474,1731.59,Yes,Yes,Success
T00531,C321,P15,PR01,2025-12-27,24775,743.25,No,No,Success
T00532,C272,P02,PR06,2025-06-01,22317,781.1,Yes,No,Failed
T00533,C404,P03,PR05,2025-11-14,14075,281.5,No,No,Success
T00534,C187,P02,PR07,2025-02-26,44714,670.71,Yes,No,Success
T00535,C287,P03,PR03,2025-10-15,42978,2148.9,No,Yes,Pending
T00536,C333,P16,PR02,2025-10-25,7942,198.55,No,No,Success
T00537,C181,P09,PR05,2025-09-15,21501,430.02,No,No,Success
T00538,C257,P17,PR02,2025-03-04,32365,809.12,Yes,No,Success
T00539,C318,P12,PR06,2025-12-11,30120,1054.2,No,No,Failed
T00540,C045,P03,PR01,2025-07-20,30507,915.21,No,No,Pending
T00541,C058,P05,PR01,2025-09-12,18584,557.52,Yes,Yes,Pending
T00542,C497,P18,PR01,2025-03-09,27798,833.94,Yes,No,Success
T00543,C033,P01,PR01,2025-04-29,12890,386.7,No,No,Success
T00544,C331,P11,PR05,2025-09-06,43475,869.5,Yes,No,Success
T00545,C291,P05,PR04,2025-06-06,20428,817.12,Yes,No,Success
T00546,C076,P12,PR08,2025-05-26,3601,72.02,Yes,Yes,Failed
T00547,C094,P06,PR05,2025-12-29,19193,383.86,No,No,Success
T00548,C163,P19,PR02,2025-03-06,3196,79.9,Yes,No,Success
T00549,C163,P12,PR05,2025-03-17,44117,882.34,Yes,No,Success
T00550,C208,P16,PR02,2025-03-16,2133,53.33,No,No,Success
T00551,C500,P17,PR08,2025-06-19,36292,725.84,No,No,Failed
T00552,C294,P05,PR07,2025-10-17,49924,748.86,No,No,Success
T00553,C461,P02,PR01,2025-03-13,31890,956.7,No,Yes,Success
T00554,C229,P12,PR05,2025-02-17,14941,298.82,Yes,No,Success
T00555,C101,P01,PR05,2025-02-12,18714,374.28,Yes,No,Success
T00556,C202,P07,PR01,2025-09-09,34040,1021.2,Yes,No,Failed
T00557,C204,P05,PR06,2025-08-07,24162,845.67,Yes,No,Success
T00558,C448,P18,PR03,2025-02-14,29701,1485.05,Yes,No,Success
T00559,C148,P06,PR03,2025-08-06,29499,1474.95,No,No,Success
T00560,C107,P10,PR05,2025-09-01,9913,198.26,No,No,Success
T00561,C388,P13,PR07,2025-02-15,39210,588.15,Yes,No,Success
T00562,C364,P19,PR01,2025-03-12,30785,923.55,Yes,No,Success
T00563,C428,P19,PR04,2025-06-05,20291,811.64,Yes,No,Success
T00564,C135,P10,PR05,2025-11-24,10594,211.88,No,No,Success
T00565,C092,P16,PR06,2025-12-19,27838,974.33,No,Yes,Success
T00566,C307,P12,PR04,2025-10-25,4872,194.88,Yes,No,Success
T00567,C419,P04,PR05,2025-07-11,45998,919.96,Yes,No,Success
T00568,C075,P11,PR01,2025-08-25,4334,130.02,No,Yes,Success
T00569,C326,P12,PR02,2025-01-25,27993,699.83,Yes,No,Failed
T00570,C094,P04,PR05,2025-11-03,41658,833.16,No,No,Failed
T00571,C410,P10,PR06,2025-05-19,45390,1588.65,No,No,Success
T00572,C007,P05,PR05,2025-09-23,9918,198.36,Yes,No,Success
T00573,C053,P07,PR07,2025-03-21,11184,167.76,Yes,No,Success
T00574,C426,P17,PR05,2025-09-30,45697,913.94,No,No,Success
T00575,C060,P05,PR03,2025-01-09,5506,275.3,Yes,No,Success
T00576,C268,P11,PR06,2025-03-30,39667,1388.35,No,Yes,Success
T00577,C073,P08,PR02,2025-06-07,45997,1149.92,Yes,Yes,Success
T00578,C040,P01,PR05,2025-09-05,7821,156.42,No,Yes,Success
T00579,C304,P02,PR05,2025-08-29,34151,683.02,Yes,No,Success
T00580,C050,P04,PR05,2025-11-05,49950,999.0,Yes,No,Success
T00581,C075,P09,PR03,2025-10-24,6449,322.45,Yes,Yes,Success
T00582,C259,P19,PR05,2025-02-04,16348,326.96,Yes,No,Success
T00583,C494,P10,PR02,2025-03-29,13053,326.33,No,No,Pending
T00584,C472,P17,PR01,2025-12-29,14525,435.75,Yes,No,Success
T00585,C093,P12,PR05,2025-07-14,7533,150.66,Yes,No,Success
T00586,C064,P15,PR05,2025-02-26,21096,421.92,Yes,No,Success
T00587,C021,P03,PR02,2025-06-17,47825,1195.62,Yes,No,Success
T00588,C500,P15,PR05,2025-04-26,45526,910.52,Yes,No,Failed
T00589,C459,P16,PR01,2025-12-14,5061,151.83,Yes,Yes,Success
T00590,C225,P17,PR05,2025-12-04,26476,529.52,No,Yes,Success
T00591,C380,P06,PR05,2025-02-03,7166,143.32,Yes,Yes,Success
T00592,C063,P08,PR06,2025-08-06,26995,944.83,No,No,Success
T00593,C388,P13,PR05,2025-07-02,18389,367.78,Yes,No,Success
T00594,C076,P15,PR04,2025-02-25,18777,751.08,Yes,No,Success
T00595,C051,P02,PR07,2025-02-04,2447,36.7,Yes,Yes,Success
T00596,C079,P10,PR05,2025-11-15,21927,438.54,No,No,Success
T00597,C406,P15,PR05,2025-04-14,32756,655.12,Yes,No,Success
T00598,C280,P01,PR05,2025-01-17,35924,718.48,No,No,Success
T00599,C227,P15,PR04,2025-01-19,25163,1006.52,Yes,No,Failed
T00600,C085,P16,PR02,2025-08-09,46772,1169.3,Yes,No,Success
T00601,C252,P18,PR01,2025-12-17,44738,1342.14,Yes,No,Success
T00602,C201,P09,PR01,2025-09-11,4152,124.56,Yes,No,Success
T00603,C165,P02,PR05,2025-01-15,19140,382.8,Yes,Yes,Success
T00604,C014,P11,PR06,2025-07-14,38770,1356.95,Yes,No,Success
T00605,C126,P08,PR03,2025-05-01,43835,2191.75,No,No,Failed
T00606,C059,P11,PR01,2025-03-28,20482,614.46,Yes,No,Success
T00607,C264,P14,PR06,2025-05-17,37727,1320.45,Yes,No,Success
T00608,C200,P11,PR02,2025-10-21,37878,946.95,Yes,No,Success
T00609,C258,P11,PR02,2025-03-27,33053,826.33,No,No,Success
T00610,C431,P18,PR04,2025-04-20,5436,217.44,Yes,Yes,Pending
T00611,C320,P03,PR03,2025-10-24,15303,765.15,Yes,No,Success
T00612,C219,P07,PR06,2025-06-27,31647,1107.65,No,No,Success
T00613,C340,P18,PR06,2025-06-10,28871,1010.49,Yes,No,Success
T00614,C093,P01,PR04,2025-11-18,36385,1455.4,No,No,Success
T00615,C481,P15,PR02,2025-05-18,49141,1228.53,No,No,Success
T00616,C479,P19,PR05,2025-11-17,28924,578.48,Yes,Yes,Success
T00617,C351,P10,PR02,2025-08-11,49418,1235.45,Yes,No,Failed
T00618,C137,P10,PR05,2025-11-27,27529,550.58,Yes,No,Success
T00619,C099,P01,PR02,2025-05-06,10327,258.18,No,No,Success
T00620,C332,P02,PR08,2025-04-14,28157,563.14,Yes,Yes,Success
T00621,C282,P06,PR06,2025-11-26,43666,1528.31,No,No,Success
T00622,C161,P20,PR01,2025-06-02,6000,180.0,No,No,Success
T00623,C454,P03,PR03,2025-07-23,43585,2179.25,No,No,Success
T00624,C257,P04,PR01,2025-09-25,48634,1459.02,No,No,Success
T00625,C453,P03,PR05,2025-05-02,33035,660.7,Yes,No,Success
T00626,C200,P08,PR06,2025-08-05,48815,1708.53,Yes,Yes,Success
T00627,C131,P19,PR02,2025-01-29,27263,681.58,Yes,No,Failed
T00628,C244,P08,PR02,2025-05-23,28272,706.8,No,No,Success
T00629,C011,P20,PR05,2025-01-18,20696,413.92,No,No,Failed
T00630,C123,P09,PR05,2025-10-10,44513,890.26,Yes,No,Success
T00631,C063,P18,PR06,2025-05-02,45408,1589.28,No,No,Failed
T00632,C155,P03,PR03,2025-05-01,17246,862.3,Yes,No,Success
T00633,C451,P14,PR04,2025-01-18,21286,851.44,Yes,Yes,Success
T00634,C212,P11,PR04,2025-08-05,48796,1951.84,No,No,Success
T00635,C034,P12,PR05,2025-08-04,33683,673.66,No,No,Success
T00636,C391,P02,PR04,2025-11-25,2292,91.68,No,No,Success
T00637,C103,P10,PR01,2025-06-10,26757,802.71,Yes,Yes,Success
T00638,C391,P05,PR05,2025-11-01,43044,860.88,No,No,Success
T00639,C069,P09,PR04,2025-03-30,48680,1947.2,No,No,Success
T00640,C189,P06,PR01,2025-07-21,27664,829.92,No,No,Failed
T00641,C473,P18,PR02,2025-11-28,2005,50.12,No,Yes,Success
T00642,C360,P06,PR04,2025-01-26,17656,706.24,Yes,No,Success
T00643,C088,P19,PR01,2025-03-02,24612,738.36,Yes,No,Success
T00644,C254,P04,PR07,2025-04-25,44645,669.67,No,Yes,Failed
T00645,C383,P16,PR05,2025-07-15,19371,387.42,Yes,No,Success
T00646,C373,P07,PR08,2025-08-03,19044,380.88,Yes,No,Success
T00647,C317,P15,PR08,2025-05-08,15932,318.64,Yes,No,Success
T00648,C447,P11,PR01,2025-12-21,9229,276.87,Yes,Yes,Success
T00649,C132,P03,PR04,2025-02-18,39637,1585.48,Yes,Yes,Failed
T00650,C311,P20,PR04,2025-12-30,23719,948.76,No,Yes,Success
T00651,C203,P12,PR05,2025-03-09,20325,406.5,No,No,Success
T00652,C253,P11,PR02,2025-08-28,33513,837.83,Yes,No,Success
T00653,C161,P02,PR01,2025-03-07,8157,244.71,Yes,No,Success
T00654,C145,P09,PR03,2025-11-10,28686,1434.3,No,No,Success
T00655,C162,P16,PR04,2025-03-19,11312,452.48,Yes,No,Success
T00656,C077,P02,PR04,2025-04-28,12881,515.24,Yes,No,Success
T00657,C459,P16,PR04,2025-01-21,8103,324.12,Yes,No,Success
T00658,C434,P05,PR04,2025-03-05,7872,314.88,Yes,Yes,Success
T00659,C261,P09,PR06,2025-10-16,49647,1737.65,No,No,Success
T00660,C393,P19,PR08,2025-04-03,34972,699.44,Yes,Yes,Success
T00661,C014,P10,PR05,2025-12-15,22038,440.76,No,Yes,Success
T00662,C429,P11,PR07,2025-03-20,7451,111.77,Yes,No,Success
T00663,C490,P09,PR04,2025-11-01,41679,1667.16,No,No,Success
T00664,C167,P19,PR05,2025-03-08,30194,603.88,Yes,Yes,Success
T00665,C381,P03,PR02,2025-10-08,4139,103.48,No,No,Success
T00666,C046,P01,PR01,2025-04-17,26643,799.29,Yes,No,Success
T00667,C079,P04,PR05,2025-06-02,43364,867.28,Yes,No,Success
T00668,C309,P05,PR02,2025-07-03,45389,1134.73,No,No,Success
T00669,C244,P09,PR04,2025-10-16,25933,1037.32,No,Yes,Success
T00670,C223,P14,PR03,2025-02-17,12713,635.65,Yes,No,Success
T00671,C366,P05,PR02,2025-09-11,45473,1136.83,Yes,No,Success
T00672,C465,P16,PR04,2025-06-03,5689,227.56,Yes,Yes,Failed
T00673,C219,P10,PR06,2025-10-19,34781,1217.34,Yes,Yes,Success
T00674,C212,P04,PR01,2025-08-26,28347,850.41,No,No,Success
T00675,C394,P17,PR02,2025-01-09,5858,146.45,Yes,No,Success
T00676,C024,P03,PR01,2025-08-02,26252,787.56,No,No,Success
T00677,C231,P20,PR04,2025-05-16,44426,1777.04,Yes,No,Success
T00678,C383,P20,PR02,2025-05-13,5626,140.65,No,Yes,Success
T00679,C007,P06,PR01,2025-12-02,8146,244.38,Yes,No,Failed
T00680,C372,P16,PR07,2025-06-05,39945,599.17,No,No,Success
T00681,C346,P13,PR05,2025-06-04,45739,914.78,Yes,Yes,Success
T00682,C497,P07,PR06,2025-01-14,46115,1614.03,Yes,No,Success
T00683,C440,P18,PR04,2025-04-08,41529,1661.16,Yes,No,Success
T00684,C086,P05,PR04,2025-12-26,8132,325.28,Yes,No,Success
T00685,C104,P10,PR04,2025-10-19,16400,656.0,No,No,Success
T00686,C222,P14,PR01,2025-09-11,47233,1416.99,No,No,Success
T00687,C205,P16,PR02,2025-09-20,32448,811.2,Yes,No,Success
T00688,C119,P02,PR06,2025-09-28,32475,1136.62,Yes,No,Success
T00689,C214,P16,PR02,2025-03-01,42987,1074.67,Yes,No,Success
T00690,C083,P10,PR05,2025-04-09,1863,37.26,Yes,No,Success
T00691,C174,P20,PR05,2025-12-03,45390,907.8,Yes,No,Success
T00692,C427,P12,PR03,2025-08-30,27819,1390.95,No,No,Success
T00693,C045,P16,PR02,2025-03-08,49603,1240.08,Yes,Yes,Success
T00694,C156,P08,PR05,2025-04-18,32856,657.12,Yes,No,Success
T00695,C082,P06,PR02,2025-09-15,44863,1121.58,Yes,Yes,Success
T00696,C288,P08,PR05,2025-09-07,8409,168.18,Yes,No,Success
T00697,C137,P05,PR01,2025-12-20,37005,1110.15,No,No,Success
T00698,C410,P15,PR01,2025-02-26,29193,875.79,No,No,Success
T00699,C422,P18,PR06,2025-01-22,7176,251.16,Yes,Yes,Success
T00700,C081,P10,PR02,2025-12-29,24200,605.0,Yes,No,Success
T00701,C187,P11,PR01,2025-03-12,42907,1287.21,Yes,Yes,Pending
T00702,C126,P16,PR05,2025-06-24,931,18.62,Yes,Yes,Success
T00703,C185,P08,PR05,2025-03-19,27698,553.96,No,No,Success
T00704,C212,P14,PR01,2025-08-23,28603,858.09,No,No,Success
T00705,C075,P01,PR07,2025-09-22,29504,442.56,No,Yes,Success
T00706,C223,P02,PR08,2025-07-21,11269,225.38,No,No,Success
T00707,C324,P17,PR06,2025-06-01,4288,150.08,Yes,No,Success
T00708,C381,P11,PR06,2025-06-26,47787,1672.55,Yes,No,Success
T00709,C207,P15,PR07,2025-11-26,46394,695.91,Yes,No,Success
T00710,C177,P13,PR05,2025-04-12,46209,924.18,No,Yes,Success
T00711,C379,P05,PR03,2025-09-24,47612,2380.6,No,No,Success
T00712,C175,P06,PR05,2025-01-12,34666,693.32,Yes,No,Success
T00713,C372,P14,PR02,2025-09-16,20419,510.48,Yes,Yes,Success
T00714,C064,P02,PR05,2025-11-30,23730,474.6,No,No,Success
T00715,C121,P19,PR01,2025-10-17,22715,681.45,No,No,Success
T00716,C180,P10,PR06,2025-05-26,15824,553.84,No,No,Success
T00717,C267,P08,PR01,2025-02-23,25250,757.5,Yes,No,Success
T00718,C076,P14,PR03,2025-07-30,6921,346.05,Yes,Yes,Failed
T00719,C040,P12,PR04,2025-12-13,29739,1189.56,Yes,No,Success
T00720,C300,P16,PR03,2025-11-22,17781,889.05,Yes,No,Failed
T00721,C422,P06,PR04,2025-03-15,27823,1112.92,Yes,No,Success
T00722,C442,P17,PR07,2025-03-02,34132,511.98,No,No,Success
T00723,C190,P04,PR01,2025-11-05,37136,1114.08,No,Yes,Success
T00724,C079,P04,PR02,2025-07-10,34760,869.0,Yes,No,Success
T00725,C073,P19,PR01,2025-08-04,9863,295.89,Yes,No,Failed
T00726,C251,P01,PR02,2025-03-04,48974,1224.35,Yes,Yes,Success
T00727,C290,P15,PR04,2025-06-22,20796,831.84,No,No,Success
T00728,C259,P15,PR05,2025-08-19,9578,191.56,No,Yes,Success
T00729,C341,P20,PR01,2025-07-29,41444,1243.32,Yes,No,Success
T00730,C456,P15,PR01,2025-05-23,44438,1333.14,No,No,Success
T00731,C159,P18,PR05,2025-11-27,46860,937.2,Yes,No,Success
T00732,C388,P02,PR05,2025-10-19,38304,766.08,Yes,No,Success
T00733,C480,P18,PR01,2025-04-03,43639,1309.17,No,No,Success
T00734,C228,P03,PR06,2025-10-01,38481,1346.84,No,No,Success
T00735,C175,P14,PR06,2025-04-03,2024,70.84,Yes,No,Success
T00736,C051,P18,PR02,2025-03-28,8013,200.33,Yes,Yes,Success
T00737,C348,P06,PR01,2025-01-31,27191,815.73,No,No,Success
T00738,C051,P11,PR01,2025-03-14,26055,781.65,Yes,No,Success
T00739,C027,P07,PR06,2025-05-03,8427,294.95,No,No,Success
T00740,C487,P04,PR05,2025-05-18,25734,514.68,Yes,No,Success
T00741,C325,P08,PR04,2025-01-10,27205,1088.2,Yes,No,Success
T00742,C334,P05,PR02,2025-06-05,36853,921.33,Yes,No,Success
T00743,C192,P18,PR05,2025-03-28,9830,196.6,No,No,Success
T00744,C022,P01,PR06,2025-08-26,30105,1053.68,No,No,Success
T00745,C478,P16,PR01,2025-05-20,4443,133.29,Yes,No,Success
T00746,C109,P19,PR03,2025-09-19,41932,2096.6,Yes,Yes,Success
T00747,C203,P04,PR01,2025-03-13,6379,191.37,No,No,Failed
T00748,C491,P11,PR02,2025-12-16,33583,839.58,No,No,Pending
T00749,C126,P11,PR05,2025-06-24,18392,367.84,Yes,No,Success
T00750,C331,P01,PR06,2025-11-08,9263,324.21,Yes,No,Success
T00751,C361,P16,PR03,2025-07-21,46145,2307.25,Yes,No,Success
T00752,C457,P15,PR01,2025-12-11,2528,75.84,Yes,No,Success
T00753,C091,P01,PR05,2025-03-05,25846,516.92,Yes,No,Success
T00754,C389,P09,PR02,2025-12-15,1796,44.9,No,No,Success
T00755,C414,P08,PR05,2025-04-30,20369,407.38,No,No,Success
T00756,C362,P20,PR04,2025-04-18,46640,1865.6,Yes,No,Success
T00757,C292,P17,PR01,2025-09-10,18676,560.28,Yes,Yes,Success
T00758,C290,P06,PR05,2025-02-03,40016,800.32,Yes,No,Success
T00759,C452,P17,PR07,2025-05-21,15439,231.58,Yes,No,Pending
T00760,C315,P09,PR05,2025-12-15,35426,708.52,Yes,No,Failed
T00761,C027,P11,PR05,2025-08-10,43100,862.0,No,No,Success
T00762,C186,P17,PR05,2025-01-23,32977,659.54,No,Yes,Success
T00763,C162,P01,PR04,2025-07-20,29916,1196.64,Yes,Yes,Success
T00764,C116,P14,PR01,2025-02-08,48829,1464.87,No,Yes,Success
T00765,C050,P01,PR01,2025-09-03,41479,1244.37,Yes,Yes,Success
T00766,C127,P04,PR07,2025-08-31,16910,253.65,Yes,No,Success
T00767,C484,P03,PR02,2025-11-04,16015,400.38,No,No,Success
T00768,C499,P02,PR05,2025-01-18,6105,122.1,Yes,No,Success
T00769,C471,P15,PR05,2025-01-29,4563,91.26,Yes,No,Success
T00770,C027,P10,PR05,2025-07-15,37151,743.02,Yes,No,Success
T00771,C320,P01,PR06,2025-08-21,43735,1530.73,Yes,No,Failed
T00772,C334,P01,PR05,2025-08-21,22757,455.14,Yes,No,Success
T00773,C035,P19,PR01,2025-04-10,47246,1417.38,No,Yes,Success
T00774,C372,P20,PR03,2025-08-16,32048,1602.4,Yes,Yes,Success
T00775,C224,P17,PR01,2025-11-30,38807,1164.21,No,No,Failed
T00776,C241,P10,PR05,2025-11-05,10160,203.2,Yes,No,Success
T00777,C075,P02,PR05,2025-05-02,44953,899.06,Yes,No,Failed
T00778,C500,P07,PR04,2025-11-24,13306,532.24,No,No,Success
T00779,C355,P15,PR05,2025-11-04,46033,920.66,No,No,Success
T00780,C215,P11,PR02,2025-03-25,20136,503.4,Yes,No,Failed
T00781,C328,P08,PR04,2025-12-21,742,29.68,Yes,No,Success
T00782,C414,P13,PR05,2025-04-16,22226,444.52,Yes,No,Success
T00783,C016,P18,PR01,2025-02-28,23954,718.62,Yes,No,Success
T00784,C023,P01,PR06,2025-04-12,24087,843.05,Yes,Yes,Failed
T00785,C434,P18,PR05,2025-05-06,22770,455.4,Yes,Yes,Success
T00786,C426,P05,PR06,2025-07-14,1875,65.62,No,No,Success
T00787,C123,P12,PR02,2025-07-10,30397,759.93,No,No,Pending
T00788,C450,P03,PR08,2025-03-02,28924,578.48,Yes,No,Success
T00789,C356,P12,PR01,2025-06-12,25285,758.55,Yes,No,Success
T00790,C301,P07,PR01,2025-10-02,40872,1226.16,Yes,Yes,Success
T00791,C447,P05,PR05,2025-09-18,18854,377.08,No,No,Success
T00792,C405,P20,PR01,2025-02-03,31345,940.35,Yes,No,Failed
T00793,C256,P17,PR05,2025-08-26,25027,500.54,Yes,No,Success
T00794,C243,P09,PR04,2025-10-25,32926,1317.04,Yes,No,Success
T00795,C459,P07,PR01,2025-08-20,14886,446.58,No,No,Success
T00796,C081,P12,PR06,2025-05-11,37945,1328.08,Yes,Yes,Success
T00797,C118,P19,PR04,2025-01-22,23540,941.6,Yes,No,Success
T00798,C189,P16,PR04,2025-06-12,27301,1092.04,Yes,Yes,Success
T00799,C184,P03,PR02,2025-05-31,5473,136.83,No,No,Success
T00800,C051,P04,PR05,2025-02-06,15425,308.5,Yes,No,Success
T00801,C155,P09,PR05,2025-04-08,16885,337.7,No,No,Pending
T00802,C279,P09,PR05,2025-01-05,48984,979.68,No,No,Success
T00803,C421,P19,PR08,2025-12-02,27091,541.82,Yes,No,Pending
T00804,C117,P08,PR07,2025-04-18,26550,398.25,Yes,No,Success
T00805,C417,P15,PR05,2025-06-24,47850,957.0,No,No,Success
T00806,C214,P07,PR05,2025-08-13,46240,924.8,Yes,No,Success
T00807,C157,P01,PR05,2025-09-13,8911,178.22,No,No,Success
T00808,C386,P13,PR03,2025-12-20,45442,2272.1,Yes,No,Success
T00809,C079,P11,PR05,2025-10-18,9618,192.36,No,No,Success
T00810,C105,P13,PR06,2025-02-02,25490,892.15,Yes,Yes,Success
T00811,C328,P10,PR05,2025-02-17,30091,601.82,Yes,No,Success
T00812,C251,P01,PR06,2025-04-06,40042,1401.47,Yes,No,Success
T00813,C338,P17,PR02,2025-02-05,19577,489.43,Yes,No,Success
T00814,C201,P06,PR02,2025-02-26,27426,685.65,Yes,No,Success
T00815,C067,P07,PR03,2025-06-08,14031,701.55,Yes,No,Success
T00816,C301,P07,PR05,2025-09-15,20836,416.72,No,No,Success
T00817,C033,P13,PR08,2025-11-06,29711,594.22,No,No,Failed
T00818,C237,P19,PR06,2025-01-21,30659,1073.07,No,No,Failed
T00819,C432,P10,PR04,2025-07-20,46395,1855.8,No,No,Success
T00820,C376,P14,PR02,2025-08-23,40983,1024.58,Yes,No,Success
T00821,C485,P02,PR01,2025-05-03,46286,1388.58,No,Yes,Failed
T00822,C470,P03,PR05,2025-12-24,44190,883.8,No,No,Failed
T00823,C063,P12,PR03,2025-02-09,36729,1836.45,No,No,Success
T00824,C130,P07,PR03,2025-09-17,11302,565.1,Yes,Yes,Success
T00825,C196,P11,PR05,2025-07-24,30771,615.42,No,No,Success
T00826,C168,P15,PR01,2025-09-06,9444,283.32,Yes,Yes,Success
T00827,C072,P16,PR05,2025-05-23,29186,583.72,No,Yes,Success
T00828,C064,P18,PR01,2025-07-20,19777,593.31,Yes,No,Success
T00829,C184,P06,PR02,2025-04-21,29378,734.45,No,No,Success
T00830,C429,P17,PR04,2025-11-25,3629,145.16,No,No,Success
T00831,C027,P20,PR05,2025-01-03,29597,591.94,Yes,No,Success
T00832,C103,P03,PR02,2025-01-09,16132,403.3,Yes,No,Success
T00833,C033,P08,PR01,2025-02-19,44340,1330.2,No,No,Success
T00834,C263,P04,PR01,2025-06-17,27742,832.26,Yes,No,Success
T00835,C481,P14,PR07,2025-03-03,26390,395.85,Yes,Yes,Success
T00836,C162,P01,PR01,2025-07-19,43360,1300.8,Yes,Yes,Success
T00837,C189,P02,PR02,2025-02-04,41388,1034.7,No,No,Success
T00838,C365,P18,PR04,2025-10-19,7172,286.88,Yes,No,Success
T00839,C199,P05,PR08,2025-06-20,46133,922.66,Yes,No,Success
T00840,C247,P03,PR08,2025-06-21,44171,883.42,Yes,No,Success
T00841,C120,P17,PR05,2025-10-28,49115,982.3,No,Yes,Success
T00842,C159,P08,PR05,2025-08-08,8630,172.6,No,No,Success
T00843,C104,P05,PR03,2025-07-12,19938,996.9,Yes,Yes,Failed
T00844,C379,P11,PR05,2025-03-10,29580,591.6,Yes,No,Success
T00845,C332,P10,PR05,2025-01-13,27690,553.8,Yes,No,Success
T00846,C465,P08,PR02,2025-12-18,4043,101.08,No,Yes,Failed
T00847,C227,P01,PR05,2025-02-03,12528,250.56,No,Yes,Success
T00848,C481,P07,PR05,2025-03-06,9775,195.5,Yes,No,Success
T00849,C260,P03,PR07,2025-08-07,15986,239.79,No,No,Success
T00850,C311,P08,PR02,2025-06-05,12062,301.55,Yes,No,Success
T00851,C041,P12,PR02,2025-07-23,32034,800.85,Yes,No,Success
T00852,C390,P05,PR05,2025-09-04,28905,578.1,Yes,No,Failed
T00853,C305,P18,PR05,2025-03-20,20175,403.5,Yes,Yes,Success
T00854,C193,P18,PR02,2025-11-07,19061,476.53,Yes,No,Success
T00855,C003,P01,PR01,2025-09-14,12927,387.81,No,No,Success
T00856,C497,P12,PR03,2025-07-16,26363,1318.15,Yes,No,Success
T00857,C472,P04,PR03,2025-07-17,3044,152.2,No,Yes,Success
T00858,C370,P12,PR07,2025-09-18,49755,746.32,No,No,Success
T00859,C475,P14,PR01,2025-05-07,25753,772.59,Yes,Yes,Success
T00860,C015,P05,PR05,2025-05-14,44830,896.6,No,No,Success
T00861,C488,P06,PR02,2025-01-07,38402,960.05,Yes,Yes,Success
T00862,C301,P03,PR03,2025-09-23,46772,2338.6,No,No,Success
T00863,C155,P17,PR04,2025-09-30,45840,1833.6,No,No,Success
T00864,C446,P03,PR03,2025-02-25,48187,2409.35,No,No,Success
T00865,C108,P13,PR01,2025-12-24,49568,1487.04,Yes,No,Success
T00866,C397,P14,PR01,2025-09-26,5077,152.31,Yes,No,Success
T00867,C361,P05,PR01,2025-04-12,12715,381.45,Yes,No,Success
T00868,C096,P07,PR05,2025-01-31,14431,288.62,No,No,Success
T00869,C226,P20,PR08,2025-02-25,27290,545.8,No,Yes,Success
T00870,C033,P11,PR03,2025-01-16,18637,931.85,Yes,No,Success
T00871,C137,P01,PR01,2025-12-07,4501,135.03,Yes,No,Success
T00872,C193,P20,PR05,2025-09-24,975,19.5,No,No,Failed
T00873,C310,P14,PR04,2025-06-22,22587,903.48,Yes,No,Pending
T00874,C341,P13,PR06,2025-07-13,24172,846.02,No,No,Failed
T00875,C234,P13,PR06,2025-03-13,702,24.57,Yes,Yes,Success
T00876,C418,P08,PR07,2025-07-08,49746,746.19,Yes,No,Failed
T00877,C097,P01,PR05,2025-11-23,43768,875.36,No,No,Success
T00878,C497,P11,PR03,2025-12-14,3498,174.9,Yes,No,Success
T00879,C179,P14,PR05,2025-09-01,5832,116.64,No,No,Failed
T00880,C311,P07,PR05,2025-12-31,19758,395.16,Yes,No,Success
T00881,C017,P05,PR06,2025-09-12,33571,1174.99,No,No,Success
T00882,C087,P15,PR05,2025-03-01,31092,621.84,Yes,No,Success
T00883,C359,P03,PR01,2025-02-24,43737,1312.11,Yes,No,Success
T00884,C393,P09,PR07,2025-04-23,25632,384.48,No,No,Pending
T00885,C070,P18,PR05,2025-11-21,44112,882.24,No,Yes,Success
T00886,C393,P20,PR06,2025-02-03,38246,1338.61,No,No,Success
T00887,C335,P18,PR05,2025-08-12,25511,510.22,No,Yes,Success
T00888,C175,P19,PR01,2025-04-07,6341,190.23,No,Yes,Success
T00889,C296,P01,PR06,2025-06-09,25416,889.56,Yes,No,Success
T00890,C395,P12,PR08,2025-12-14,21448,428.96,No,Yes,Success
T00891,C203,P01,PR05,2025-10-03,7485,149.7,No,No,Success
T00892,C256,P15,PR02,2025-03-17,14846,371.15,No,Yes,Success
T00893,C018,P20,PR06,2025-06-13,46569,1629.92,Yes,No,Success
T00894,C294,P16,PR08,2025-11-20,46802,936.04,No,No,Success
T00895,C079,P07,PR03,2025-04-26,22332,1116.6,No,Yes,Failed
T00896,C373,P13,PR01,2025-06-03,32449,973.47,No,No,Success
T00897,C201,P11,PR08,2025-08-05,36409,728.18,No,No,Success
T00898,C373,P10,PR03,2025-05-25,35092,1754.6,No,Yes,Failed
T00899,C166,P19,PR03,2025-01-28,9078,453.9,No,No,Success
T00900,C227,P16,PR01,2025-05-30,9515,285.45,No,Yes,Success
T00901,C005,P12,PR01,2025-10-22,43179,1295.37,Yes,No,Failed
T00902,C348,P06,PR03,2025-01-29,28491,1424.55,Yes,No,Success
T00903,C333,P11,PR01,2025-10-31,34279,1028.37,Yes,Yes,Success
T00904,C124,P13,PR02,2025-09-08,8285,207.12,Yes,No,Success
T00905,C408,P03,PR05,2025-08-26,45837,916.74,No,No,Success
T00906,C006,P04,PR05,2025-03-01,24572,491.44,Yes,No,Success
T00907,C301,P19,PR05,2025-10-21,2009,40.18,Yes,No,Success
T00908,C248,P14,PR05,2025-06-02,25663,513.26,Yes,Yes,Success
T00909,C095,P13,PR06,2025-12-25,35726,1250.41,Yes,No,Success
T00910,C033,P17,PR06,2025-10-27,32518,1138.13,Yes,No,Success
T00911,C495,P04,PR05,2025-04-03,14096,281.92,No,No,Success
T00912,C063,P02,PR04,2025-03-07,21097,843.88,Yes,No,Success
T00913,C018,P03,PR02,2025-03-05,49853,1246.33,Yes,No,Success
T00914,C001,P08,PR04,2025-06-03,43633,1745.32,Yes,No,Failed
T00915,C228,P05,PR02,2025-10-23,35502,887.55,Yes,No,Failed
T00916,C276,P17,PR08,2025-04-18,40226,804.52,No,No,Success
T00917,C154,P07,PR01,2025-03-10,9784,293.52,No,Yes,Success
T00918,C217,P03,PR01,2025-10-09,41283,1238.49,Yes,No,Failed
T00919,C484,P09,PR03,2025-12-13,5956,297.8,Yes,No,Success
T00920,C138,P07,PR01,2026-01-01,48516,1455.48,Yes,No,Success
T00921,C421,P05,PR05,2025-06-11,28004,560.08,No,No,Success
T00922,C139,P04,PR05,2025-09-30,5580,111.6,Yes,No,Success
T00923,C466,P11,PR05,2025-05-20,24277,485.54,Yes,No,Success
T00924,C194,P04,PR01,2025-03-05,15063,451.89,Yes,No,Success
T00925,C049,P17,PR06,2025-06-28,32587,1140.55,No,No,Success
T00926,C088,P11,PR05,2025-07-19,3643,72.86,Yes,No,Success
T00927,C305,P13,PR05,2025-09-02,36654,733.08,Yes,No,Success
T00928,C065,P05,PR05,2025-07-13,43594,871.88,Yes,No,Failed
T00929,C363,P08,PR05,2025-12-14,24758,495.16,No,No,Success
T00930,C258,P10,PR08,2025-05-22,31214,624.28,No,No,Success
T00931,C157,P03,PR07,2025-06-06,15492,232.38,Yes,No,Success
T00932,C123,P03,PR01,2025-03-26,48338,1450.14,Yes,Yes,Success
T00933,C493,P14,PR07,2025-12-13,1200,18.0,Yes,No,Success
T00934,C455,P18,PR05,2025-12-24,44853,897.06,Yes,Yes,Success
T00935,C366,P14,PR06,2025-12-26,977,34.2,Yes,No,Pending
T00936,C351,P20,PR05,2025-01-22,35110,702.2,No,No,Success
T00937,C463,P08,PR06,2025-03-31,34809,1218.32,Yes,No,Success
T00938,C254,P13,PR07,2025-03-29,28203,423.04,Yes,Yes,Failed
T00939,C436,P04,PR02,2025-05-29,35831,895.78,Yes,No,Success
T00940,C202,P07,PR05,2025-06-06,37779,755.58,No,No,Success
T00941,C457,P20,PR06,2025-09-07,30846,1079.61,Yes,Yes,Success
T00942,C003,P12,PR02,2025-04-06,7523,188.08,Yes,Yes,Success
T00943,C264,P05,PR01,2025-07-30,35174,1055.22,Yes,No,Success
T00944,C241,P13,PR05,2025-07-11,15317,306.34,Yes,No,Success
T00945,C225,P15,PR06,2025-03-24,7623,266.81,Yes,No,Success
T00946,C102,P04,PR06,2025-04-08,46979,1644.27,Yes,Yes,Success
T00947,C083,P07,PR02,2025-09-03,2571,64.28,No,No,Success
T00948,C410,P05,PR04,2025-06-16,32977,1319.08,No,No,Success
T00949,C432,P13,PR05,2025-03-09,49120,982.4,Yes,Yes,Success
T00950,C007,P08,PR01,2025-01-27,33268,998.04,No,No,Pending
T00951,C246,P10,PR05,2025-05-25,28964,579.28,Yes,No,Success
T00952,C096,P08,PR01,2025-05-24,34004,1020.12,No,No,Pending
T00953,C102,P16,PR02,2025-12-28,28625,715.62,No,Yes,Success
T00954,C438,P19,PR05,2025-11-19,12864,257.28,No,Yes,Success
T00955,C476,P05,PR01,2025-08-07,13094,392.82,Yes,Yes,Failed
T00956,C157,P08,PR03,2025-04-24,34904,1745.2,Yes,No,Success
T00957,C057,P09,PR05,2025-07-06,20441,408.82,Yes,No,Success
T00958,C094,P02,PR02,2025-01-01,3616,90.4,Yes,No,Success
T00959,C052,P14,PR04,2025-04-05,40249,1609.96,Yes,No,Success
T00960,C007,P18,PR01,2025-03-08,44340,1330.2,Yes,No,Success
T00961,C310,P12,PR05,2025-05-02,35159,703.18,No,Yes,Success
T00962,C323,P20,PR06,2025-03-03,9051,316.79,Yes,No,Failed
T00963,C361,P15,PR06,2025-02-20,13143,460.01,Yes,No,Success
T00964,C274,P05,PR05,2025-01-23,13738,274.76,Yes,No,Success
T00965,C500,P12,PR06,2025-07-07,37222,1302.77,Yes,No,Failed
T00966,C269,P17,PR01,2025-01-12,27959,838.77,Yes,No,Pending
T00967,C032,P07,PR02,2025-07-23,37604,940.1,Yes,No,Success
T00968,C385,P17,PR01,2025-07-16,29188,875.64,Yes,No,Success
T00969,C082,P19,PR02,2025-04-22,735,18.38,Yes,Yes,Failed
T00970,C363,P17,PR05,2025-05-13,33518,670.36,Yes,Yes,Success
T00971,C115,P02,PR05,2025-10-01,11713,234.26,Yes,Yes,Success
T00972,C139,P02,PR06,2025-11-25,9214,322.49,No,No,Success
T00973,C178,P20,PR01,2025-07-08,43009,1290.27,Yes,No,Failed
T00974,C210,P20,PR02,2025-05-31,9256,231.4,Yes,Yes,Success
T00975,C375,P09,PR06,2025-04-01,14870,520.45,Yes,Yes,Success
T00976,C055,P13,PR06,2025-12-01,38724,1355.34,Yes,No,Success
T00977,C113,P11,PR02,2025-05-18,29479,736.98,Yes,No,Failed
T00978,C119,P14,PR03,2025-07-08,29732,1486.6,Yes,No,Success
T00979,C097,P19,PR04,2025-09-09,12041,481.64,No,Yes,Success
T00980,C419,P13,PR02,2025-12-18,12147,303.68,No,Yes,Success
T00981,C497,P13,PR02,2025-02-21,42778,1069.45,No,Yes,Success
T00982,C194,P13,PR01,2025-01-11,7035,211.05,Yes,Yes,Success
T00983,C128,P03,PR07,2025-05-18,9162,137.43,Yes,No,Success
T00984,C278,P11,PR07,2025-12-29,7469,112.03,Yes,Yes,Success
T00985,C158,P11,PR06,2025-09-03,11191,391.69,Yes,Yes,Success
T00986,C011,P02,PR05,2025-02-22,8565,171.3,Yes,Yes,Failed
T00987,C468,P08,PR03,2025-01-13,579,28.95,Yes,No,Success
T00988,C197,P04,PR02,2025-09-09,45353,1133.83,Yes,Yes,Success
T00989,C040,P20,PR07,2025-06-20,23916,358.74,Yes,No,Failed
T00990,C078,P06,PR06,2025-08-08,40116,1404.06,Yes,No,Success
T00991,C352,P10,PR01,2025-11-16,44230,1326.9,No,No,Success
T00992,C189,P09,PR06,2025-12-31,43867,1535.35,No,No,Failed
T00993,C076,P11,PR08,2025-03-17,43482,869.64,Yes,No,Success
T00994,C058,P19,PR04,2025-08-07,4911,196.44,No,No,Success
T00995,C393,P13,PR08,2025-06-30,12419,248.38,Yes,No,Success
T00996,C171,P05,PR03,2025-12-01,42220,2111.0,No,No,Success
T00997,C273,P18,PR05,2025-04-28,32783,655.66,Yes,No,Success
T00998,C416,P08,PR05,2025-12-26,45949,918.98,Yes,No,Success
T00999,C286,P16,PR06,2025-03-10,24250,848.75,No,Yes,Success
T01000,C151,P15,PR06,2025-03-15,9632,337.12,No,No,Failed
T01001,C424,P08,PR04,2025-01-29,14310,572.4,No,Yes,Success
T01002,C014,P14,PR01,2025-07-10,48543,1456.29,Yes,Yes,Success
T01003,C446,P06,PR04,2025-01-16,39423,1576.92,Yes,Yes,Success
T01004,C077,P06,PR01,2025-08-29,27795,833.85,No,No,Success
T01005,C370,P11,PR02,2025-08-16,27469,686.73,No,No,Success
T01006,C017,P20,PR01,2025-03-30,42603,1278.09,Yes,Yes,Success
T01007,C284,P09,PR05,2025-10-20,30272,605.44,Yes,No,Success
T01008,C268,P13,PR01,2025-03-06,6525,195.75,No,No,Success
T01009,C500,P18,PR03,2025-11-06,49389,2469.45,No,No,Success
T01010,C208,P13,PR02,2025-03-26,42566,1064.15,Yes,No,Success
T01011,C040,P12,PR02,2025-11-05,7341,183.53,No,No,Success
T01012,C034,P07,PR01,2025-11-02,7477,224.31,Yes,No,Success
T01013,C124,P09,PR02,2025-02-13,2621,65.53,No,No,Success
T01014,C025,P11,PR05,2025-02-17,3493,69.86,No,Yes,Success
T01015,C257,P07,PR02,2025-06-11,26592,664.8,No,No,Pending
T01016,C170,P14,PR05,2025-09-15,6881,137.62,Yes,No,Success
T01017,C245,P19,PR05,2025-01-20,25542,510.84,Yes,Yes,Success
T01018,C488,P08,PR06,2025-04-21,6613,231.46,No,No,Success
T01019,C265,P20,PR01,2025-11-30,33374,1001.22,Yes,No,Success
T01020,C185,P20,PR01,2025-08-09,19560,586.8,Yes,No,Success
T01021,C311,P03,PR02,2025-03-20,40502,1012.55,Yes,No,Success
T01022,C281,P03,PR01,2025-09-13,20786,623.58,Yes,No,Failed
T01023,C296,P12,PR01,2025-06-30,18857,565.71,Yes,Yes,Success
T01024,C132,P15,PR02,2025-11-29,31515,787.88,No,No,Pending
T01025,C440,P10,PR04,2025-07-25,24320,972.8,Yes,No,Success
T01026,C433,P20,PR04,2025-06-10,34085,1363.4,Yes,No,Success
T01027,C022,P20,PR02,2025-11-26,45231,1130.78,Yes,No,Success
T01028,C437,P04,PR05,2025-05-29,10629,212.58,Yes,No,Failed
T01029,C343,P03,PR02,2025-06-28,30795,769.88,Yes,No,Failed
T01030,C093,P04,PR04,2025-07-23,6124,244.96,No,Yes,Success
T01031,C249,P07,PR02,2025-12-26,40107,1002.68,No,Yes,Success
T01032,C075,P07,PR05,2025-06-13,31299,625.98,Yes,No,Success
T01033,C405,P14,PR01,2025-08-31,24190,725.7,Yes,Yes,Success
T01034,C139,P09,PR05,2025-11-22,28216,564.32,Yes,Yes,Success
T01035,C232,P14,PR01,2025-09-26,47175,1415.25,Yes,No,Success
T01036,C176,P10,PR01,2025-03-26,28584,857.52,Yes,No,Success
T01037,C495,P14,PR05,2025-07-01,11030,220.6,No,No,Success
T01038,C102,P03,PR05,2025-12-08,39633,792.66,Yes,Yes,Success
T01039,C381,P11,PR06,2025-01-08,48626,1701.91,Yes,No,Success
T01040,C406,P14,PR06,2025-05-15,7945,278.08,Yes,Yes,Success
T01041,C325,P15,PR06,2025-11-24,8739,305.87,No,Yes,Success
T01042,C357,P18,PR08,2025-03-27,28036,560.72,No,Yes,Success
T01043,C296,P01,PR01,2025-07-09,45040,1351.2,No,Yes,Failed
T01044,C359,P16,PR05,2025-11-29,8675,173.5,No,No,Success
T01045,C268,P11,PR06,2025-02-28,28408,994.28,No,No,Success
T01046,C278,P14,PR05,2025-07-15,11159,223.18,Yes,No,Success
T01047,C318,P04,PR05,2025-02-14,46512,930.24,No,Yes,Success
T01048,C054,P16,PR05,2025-11-16,27453,549.06,No,Yes,Success
T01049,C342,P10,PR05,2025-08-04,2638,52.76,Yes,No,Success
T01050,C487,P04,PR01,2025-06-29,31274,938.22,No,No,Success
T01051,C402,P13,PR06,2025-01-04,46626,1631.91,No,No,Success
T01052,C136,P10,PR02,2025-08-01,43667,1091.67,No,Yes,Failed
T01053,C079,P12,PR01,2025-09-23,2220,66.6,No,No,Success
T01054,C124,P18,PR07,2025-07-20,28681,430.21,Yes,No,Success
T01055,C220,P05,PR06,2025-11-22,38370,1342.95,Yes,No,Success
T01056,C224,P08,PR02,2025-02-20,10883,272.07,No,Yes,Success
T01057,C432,P09,PR05,2025-10-11,26190,523.8,Yes,No,Success
T01058,C322,P19,PR01,2025-03-20,1256,37.68,Yes,No,Failed
T01059,C013,P05,PR01,2025-08-21,25561,766.83,No,No,Success
T01060,C153,P07,PR05,2025-10-02,15032,300.64,No,No,Success
T01061,C338,P02,PR03,2025-05-21,17570,878.5,Yes,Yes,Success
T01062,C057,P15,PR08,2025-11-02,7277,145.54,Yes,Yes,Success
T01063,C254,P12,PR01,2025-04-17,5571,167.13,Yes,No,Success
T01064,C040,P07,PR01,2025-12-18,41504,1245.12,Yes,No,Success
T01065,C093,P10,PR04,2025-01-06,11058,442.32,No,No,Success
T01066,C500,P11,PR06,2025-06-27,8181,286.34,Yes,No,Success
T01067,C131,P04,PR01,2025-04-09,49107,1473.21,No,No,Success
T01068,C444,P12,PR05,2025-02-28,14675,293.5,No,Yes,Success
T01069,C482,P05,PR01,2025-05-18,45824,1374.72,Yes,Yes,Success
T01070,C151,P15,PR05,2025-09-11,43224,864.48,Yes,No,Failed
T01071,C352,P09,PR02,2025-07-21,13468,336.7,Yes,No,Success
T01072,C489,P16,PR01,2025-08-10,13989,419.67,No,No,Success
T01073,C056,P20,PR06,2025-07-16,41323,1446.31,Yes,No,Success
T01074,C231,P06,PR05,2025-01-18,4711,94.22,No,No,Success
T01075,C487,P17,PR05,2025-06-30,42777,855.54,Yes,Yes,Success
T01076,C184,P08,PR04,2025-02-07,12684,507.36,Yes,No,Success
T01077,C164,P01,PR02,2025-06-18,1131,28.28,Yes,No,Success
T01078,C198,P10,PR02,2025-11-05,4840,121.0,Yes,Yes,Success
T01079,C039,P19,PR05,2025-11-27,44497,889.94,Yes,No,Success
T01080,C026,P16,PR02,2025-09-13,13418,335.45,Yes,No,Success
T01081,C168,P19,PR04,2025-07-16,39915,1596.6,Yes,Yes,Success
T01082,C003,P15,PR05,2025-05-26,38232,764.64,Yes,No,Success
T01083,C021,P11,PR05,2025-11-27,35071,701.42,Yes,No,Success
T01084,C141,P11,PR03,2025-06-27,20226,1011.3,Yes,No,Success
T01085,C153,P15,PR05,2025-09-10,26277,525.54,No,No,Success
T01086,C053,P01,PR03,2025-04-25,40999,2049.95,Yes,Yes,Success
T01087,C371,P14,PR02,2025-04-26,45562,1139.05,Yes,Yes,Failed
T01088,C003,P02,PR03,2025-05-13,35729,1786.45,No,Yes,Success
T01089,C169,P20,PR02,2025-07-14,17783,444.58,Yes,Yes,Success
T01090,C164,P05,PR04,2025-10-27,8776,351.04,No,No,Success
T01091,C268,P17,PR04,2025-05-04,8519,340.76,Yes,No,Pending
T01092,C248,P08,PR02,2025-02-17,48397,1209.92,Yes,No,Success
T01093,C338,P07,PR05,2025-12-22,16384,327.68,Yes,No,Success
T01094,C240,P13,PR01,2025-04-07,14664,439.92,Yes,No,Success
T01095,C440,P11,PR05,2025-06-09,34180,683.6,No,No,Success
T01096,C113,P12,PR01,2025-07-17,9023,270.69,No,No,Success
T01097,C036,P09,PR05,2025-08-05,12817,256.34,Yes,No,Failed
T01098,C237,P04,PR05,2025-02-26,10152,203.04,Yes,No,Success
T01099,C272,P15,PR01,2025-06-30,43877,1316.31,Yes,No,Success
T01100,C204,P17,PR04,2025-08-09,10371,414.84,Yes,Yes,Success
T01101,C196,P14,PR01,2025-04-10,43008,1290.24,Yes,No,Success
T01102,C266,P14,PR05,2025-02-25,32849,656.98,No,No,Pending
T01103,C459,P02,PR02,2025-10-22,3982,99.55,Yes,Yes,Success
T01104,C359,P13,PR02,2025-07-20,41146,1028.65,Yes,Yes,Success
T01105,C106,P06,PR05,2025-04-15,32951,659.02,Yes,No,Success
T01106,C095,P17,PR05,2025-12-25,6676,133.52,No,No,Failed
T01107,C162,P03,PR05,2025-03-27,11656,233.12,Yes,No,Success
T01108,C220,P11,PR01,2025-01-11,31603,948.09,Yes,No,Success
T01109,C305,P12,PR05,2025-08-31,1137,22.74,Yes,No,Success
T01110,C291,P10,PR01,2025-04-27,1639,49.17,Yes,Yes,Success
T01111,C412,P11,PR01,2025-08-20,20462,613.86,Yes,No,Success
T01112,C187,P15,PR05,2025-01-07,17115,342.3,No,No,Success
T01113,C439,P20,PR05,2025-09-05,44011,880.22,Yes,No,Success
T01114,C439,P08,PR01,2025-12-04,27390,821.7,No,No,Success
T01115,C499,P14,PR05,2025-07-04,46100,922.0,Yes,Yes,Failed
T01116,C495,P09,PR03,2025-11-17,7573,378.65,No,No,Success
T01117,C090,P09,PR07,2025-12-14,35031,525.47,Yes,No,Success
T01118,C159,P07,PR07,2025-01-22,18604,279.06,Yes,No,Success
T01119,C291,P12,PR01,2025-05-28,30320,909.6,Yes,Yes,Failed
T01120,C077,P17,PR01,2025-05-29,45124,1353.72,No,No,Success
T01121,C008,P15,PR02,2025-01-21,19815,495.38,Yes,No,Success
T01122,C221,P12,PR04,2025-12-05,833,33.32,No,Yes,Success
T01123,C341,P18,PR06,2025-03-21,33398,1168.93,No,No,Success
T01124,C300,P03,PR05,2025-05-29,28814,576.28,Yes,No,Success
T01125,C198,P14,PR06,2025-07-24,42249,1478.72,No,Yes,Success
T01126,C089,P19,PR02,2025-08-12,20864,521.6,No,No,Success
T01127,C129,P05,PR05,2025-08-02,13574,271.48,Yes,No,Success
T01128,C237,P18,PR05,2025-04-04,41677,833.54,Yes,No,Success
T01129,C356,P11,PR01,2025-09-15,29460,883.8,No,No,Success
T01130,C493,P14,PR04,2025-08-25,28058,1122.32,Yes,No,Pending
T01131,C315,P10,PR04,2025-05-05,9713,388.52,Yes,No,Success
T01132,C028,P13,PR06,2025-03-06,19724,690.34,Yes,Yes,Success
T01133,C430,P02,PR06,2025-02-13,30661,1073.13,Yes,No,Success
T01134,C421,P10,PR02,2025-10-17,6883,172.08,Yes,No,Success
T01135,C262,P02,PR05,2025-12-26,44698,893.96,Yes,Yes,Success
T01136,C459,P05,PR04,2025-06-04,15150,606.0,No,No,Failed
T01137,C353,P07,PR06,2025-02-28,41372,1448.02,Yes,Yes,Failed
T01138,C105,P04,PR05,2025-08-31,16700,334.0,Yes,No,Success
T01139,C208,P16,PR07,2025-04-05,20155,302.32,No,No,Success
T01140,C225,P20,PR06,2025-03-05,45151,1580.29,Yes,No,Success
T01141,C124,P06,PR06,2025-09-19,43587,1525.55,No,No,Success
T01142,C052,P19,PR02,2025-09-10,44247,1106.17,Yes,No,Success
T01143,C214,P14,PR05,2025-03-17,30906,618.12,Yes,No,Success
T01144,C018,P20,PR01,2025-08-16,20341,610.23,Yes,No,Pending
T01145,C235,P09,PR04,2025-01-05,47886,1915.44,No,No,Failed
T01146,C463,P17,PR05,2025-07-19,23361,467.22,Yes,Yes,Success
T01147,C174,P15,PR05,2025-03-13,37406,748.12,Yes,No,Success
T01148,C248,P13,PR03,2025-08-30,42779,2138.95,No,Yes,Success
T01149,C270,P09,PR05,2025-03-08,43682,873.64,No,No,Success
T01150,C035,P02,PR05,2025-01-16,26961,539.22,No,Yes,Success
T01151,C244,P11,PR01,2025-04-29,45020,1350.6,No,No,Success
T01152,C373,P13,PR02,2025-08-04,11903,297.57,No,Yes,Success
T01153,C038,P15,PR01,2025-07-11,49647,1489.41,No,No,Failed
T01154,C231,P13,PR02,2025-03-10,46291,1157.28,No,No,Success
T01155,C348,P10,PR02,2025-04-26,29172,729.3,Yes,Yes,Success
T01156,C045,P19,PR06,2025-01-13,13102,458.57,No,No,Success
T01157,C185,P14,PR06,2025-10-18,843,29.51,Yes,Yes,Success
T01158,C329,P17,PR05,2025-09-12,48228,964.56,Yes,Yes,Success
T01159,C317,P18,PR05,2025-03-12,23862,477.24,No,No,Success
T01160,C041,P05,PR06,2025-09-22,37799,1322.97,Yes,Yes,Success
T01161,C012,P08,PR05,2025-05-29,22187,443.74,No,No,Success
T01162,C496,P10,PR01,2025-02-08,10845,325.35,Yes,Yes,Success
T01163,C205,P20,PR05,2025-01-30,20962,419.24,Yes,No,Success
T01164,C335,P01,PR07,2025-01-17,17739,266.08,Yes,No,Success
T01165,C105,P18,PR05,2025-06-18,9628,192.56,No,No,Failed
T01166,C413,P19,PR02,2025-11-09,5278,131.95,No,No,Success
T01167,C307,P20,PR08,2025-02-11,27778,555.56,No,No,Success
T01168,C019,P16,PR05,2025-09-17,7319,146.38,Yes,No,Success
T01169,C011,P02,PR05,2025-01-14,15426,308.52,No,No,Success
T01170,C351,P01,PR06,2025-10-10,45191,1581.69,Yes,No,Success
T01171,C219,P18,PR01,2025-03-12,46462,1393.86,Yes,Yes,Success
T01172,C100,P11,PR06,2025-08-12,23554,824.39,No,Yes,Success
T01173,C383,P18,PR01,2025-10-18,27570,827.1,Yes,No,Failed
T01174,C040,P02,PR02,2025-03-06,4227,105.68,Yes,No,Success
T01175,C150,P05,PR05,2025-11-07,16506,330.12,Yes,No,Success
T01176,C106,P16,PR01,2025-12-28,36128,1083.84,No,No,Failed
T01177,C155,P12,PR02,2025-10-10,47235,1180.88,Yes,No,Success
T01178,C278,P17,PR02,2025-02-23,46229,1155.73,Yes,No,Success
T01179,C041,P07,PR05,2025-03-12,18835,376.7,No,No,Success
T01180,C191,P05,PR05,2025-01-19,8544,170.88,No,No,Success
T01181,C011,P16,PR04,2025-01-18,7986,319.44,Yes,No,Success
T01182,C143,P20,PR07,2025-07-16,4413,66.19,Yes,No,Success
T01183,C195,P06,PR01,2025-12-04,13982,419.46,Yes,Yes,Success
T01184,C480,P01,PR05,2025-11-08,23293,465.86,No,No,Success
T01185,C303,P07,PR02,2025-01-15,49869,1246.73,Yes,No,Success
T01186,C476,P02,PR04,2025-02-25,48290,1931.6,Yes,No,Failed
T01187,C238,P14,PR02,2025-10-21,35546,888.65,No,No,Success
T01188,C382,P08,PR07,2025-03-09,31127,466.9,No,No,Success
T01189,C395,P18,PR02,2025-06-01,16879,421.98,Yes,No,Success
T01190,C129,P20,PR03,2025-01-07,43703,2185.15,Yes,No,Success
T01191,C228,P15,PR02,2025-01-09,12216,305.4,Yes,No,Pending
T01192,C112,P14,PR04,2025-01-30,36977,1479.08,Yes,Yes,Failed
T01193,C226,P06,PR05,2025-05-13,4697,93.94,No,No,Failed
T01194,C090,P05,PR01,2025-11-13,41809,1254.27,No,Yes,Success
T01195,C441,P15,PR01,2025-10-24,33708,1011.24,Yes,No,Success
T01196,C500,P09,PR07,2025-01-09,17477,262.15,No,No,Success
T01197,C121,P12,PR05,2025-02-25,39859,797.18,Yes,No,Success
T01198,C293,P12,PR02,2025-12-15,21850,546.25,Yes,No,Failed
T01199,C311,P12,PR01,2025-06-21,21900,657.0,No,No,Success
T01200,C319,P01,PR07,2025-03-24,19771,296.56,Yes,No,Success
T01201,C312,P07,PR05,2025-06-10,7462,149.24,Yes,No,Success
T01202,C482,P07,PR05,2025-07-13,23047,460.94,No,Yes,Success
T01203,C041,P03,PR03,2025-04-25,43046,2152.3,Yes,No,Success
T01204,C376,P04,PR05,2025-09-28,35821,716.42,No,No,Success
T01205,C138,P07,PR05,2025-10-22,21270,425.4,Yes,Yes,Success
T01206,C119,P15,PR05,2025-06-11,24221,484.42,No,Yes,Success
T01207,C186,P03,PR05,2025-06-30,27364,547.28,Yes,Yes,Success
T01208,C230,P14,PR04,2025-04-28,15596,623.84,Yes,No,Success
T01209,C346,P19,PR05,2025-12-07,27213,544.26,Yes,No,Success
T01210,C210,P14,PR02,2025-09-16,5841,146.03,No,No,Success
T01211,C449,P15,PR05,2025-01-08,12290,245.8,Yes,No,Success
T01212,C381,P04,PR05,2025-03-06,31292,625.84,No,No,Success
T01213,C068,P17,PR01,2025-09-29,5285,158.55,No,No,Success
T01214,C124,P10,PR03,2025-03-02,36999,1849.95,Yes,No,Success
T01215,C370,P02,PR05,2025-02-07,7562,151.24,No,No,Success
T01216,C380,P14,PR03,2025-05-29,29975,1498.75,No,No,Success
T01217,C470,P17,PR05,2025-02-12,39137,782.74,Yes,Yes,Success
T01218,C195,P11,PR05,2025-08-13,30222,604.44,Yes,No,Success
T01219,C153,P16,PR05,2025-06-24,15721,314.42,Yes,No,Success
T01220,C147,P11,PR05,2025-07-16,28463,569.26,Yes,Yes,Success
T01221,C452,P07,PR06,2025-08-09,48644,1702.54,Yes,No,Success
T01222,C085,P04,PR01,2025-05-28,19164,574.92,Yes,No,Failed
T01223,C311,P04,PR02,2025-04-29,17501,437.53,No,Yes,Success
T01224,C087,P01,PR06,2025-11-03,49970,1748.95,No,No,Success
T01225,C251,P01,PR05,2025-07-09,936,18.72,Yes,No,Success
T01226,C065,P15,PR05,2025-06-01,34637,692.74,No,No,Failed
T01227,C253,P09,PR01,2025-02-14,28828,864.84,No,No,Success
T01228,C412,P03,PR01,2025-04-24,23681,710.43,No,No,Success
T01229,C377,P17,PR02,2025-12-11,41828,1045.7,No,No,Success
T01230,C052,P17,PR07,2025-06-12,28901,433.51,Yes,No,Success
T01231,C322,P01,PR05,2025-05-06,42082,841.64,Yes,No,Failed
T01232,C241,P05,PR05,2025-09-06,17885,357.7,No,No,Success
T01233,C487,P17,PR01,2025-04-20,6313,189.39,Yes,Yes,Success
T01234,C020,P14,PR02,2025-12-19,12172,304.3,Yes,No,Success
T01235,C272,P06,PR05,2025-06-03,32234,644.68,No,No,Success
T01236,C201,P20,PR04,2025-07-02,41789,1671.56,Yes,No,Success
T01237,C392,P10,PR07,2025-08-03,49977,749.65,No,No,Success
T01238,C490,P11,PR01,2025-12-05,30956,928.68,Yes,No,Success
T01239,C431,P16,PR05,2025-11-04,32202,644.04,Yes,Yes,Success
T01240,C032,P18,PR05,2025-06-15,27304,546.08,Yes,No,Success
T01241,C134,P02,PR04,2025-05-18,26627,1065.08,Yes,Yes,Success
T01242,C210,P08,PR01,2025-10-21,29836,895.08,No,No,Success
T01243,C313,P11,PR01,2025-03-08,40693,1220.79,No,Yes,Success
T01244,C400,P11,PR06,2025-06-30,6414,224.49,No,No,Success
T01245,C275,P07,PR05,2025-03-22,24230,484.6,No,No,Success
T01246,C467,P12,PR02,2025-06-19,11077,276.93,Yes,No,Success
T01247,C387,P17,PR01,2025-02-22,1812,54.36,Yes,No,Success
T01248,C118,P08,PR02,2025-01-18,2088,52.2,Yes,Yes,Success
T01249,C419,P09,PR05,2025-02-13,9097,181.94,Yes,No,Success
T01250,C008,P18,PR05,2025-11-06,1820,36.4,No,Yes,Success
T01251,C440,P10,PR03,2025-06-15,40194,2009.7,Yes,No,Success
T01252,C136,P19,PR04,2025-08-30,7032,281.28,Yes,No,Success
T01253,C248,P10,PR03,2025-12-26,18755,937.75,Yes,Yes,Success
T01254,C488,P12,PR04,2025-10-07,26297,1051.88,No,No,Success
T01255,C229,P12,PR01,2025-09-02,15711,471.33,Yes,No,Success
T01256,C049,P18,PR06,2025-03-28,5981,209.34,Yes,No,Success
T01257,C316,P16,PR01,2025-09-25,26923,807.69,No,No,Success
T01258,C211,P10,PR05,2025-06-22,17016,340.32,No,Yes,Success
T01259,C138,P07,PR05,2025-10-15,865,17.3,No,No,Success
T01260,C237,P16,PR05,2025-09-21,21591,431.82,Yes,No,Success
T01261,C359,P03,PR07,2025-07-12,28398,425.97,Yes,Yes,Success
T01262,C225,P04,PR01,2025-01-20,13434,403.02,No,No,Success
T01263,C384,P18,PR05,2025-08-03,9666,193.32,Yes,No,Success
T01264,C139,P17,PR02,2025-06-15,44847,1121.17,No,No,Success
T01265,C351,P07,PR01,2025-11-11,34791,1043.73,No,No,Success
T01266,C480,P11,PR04,2025-03-11,14303,572.12,Yes,No,Success
T01267,C077,P16,PR02,2025-02-04,12245,306.12,No,Yes,Success
T01268,C276,P15,PR01,2025-06-19,6650,199.5,Yes,No,Success
T01269,C287,P08,PR01,2025-06-26,42203,1266.09,No,No,Success
T01270,C300,P10,PR06,2025-07-08,28429,995.02,No,No,Success
T01271,C104,P03,PR05,2025-10-31,43712,874.24,Yes,No,Success
T01272,C065,P17,PR02,2025-10-28,7205,180.12,No,No,Success
T01273,C142,P20,PR06,2025-12-09,40134,1404.69,No,Yes,Success
T01274,C047,P20,PR02,2025-03-17,14684,367.1,Yes,No,Success
T01275,C071,P17,PR01,2025-08-14,3920,117.6,Yes,No,Success
T01276,C287,P13,PR05,2025-07-13,16279,325.58,No,No,Success
T01277,C272,P03,PR06,2025-11-06,21273,744.56,No,No,Failed
T01278,C074,P14,PR06,2025-10-14,47118,1649.13,Yes,No,Success
T01279,C334,P12,PR01,2025-04-02,29035,871.05,Yes,No,Success
T01280,C218,P07,PR05,2025-11-12,48242,964.84,Yes,No,Failed
T01281,C478,P01,PR03,2025-04-11,12231,611.55,Yes,No,Success
T01282,C467,P12,PR02,2025-05-10,6667,166.68,Yes,Yes,Success
T01283,C246,P13,PR05,2025-01-23,42552,851.04,No,No,Success
T01284,C422,P01,PR01,2025-08-30,37998,1139.94,No,No,Success
T01285,C385,P18,PR04,2025-02-23,42937,1717.48,Yes,Yes,Failed
T01286,C091,P05,PR01,2025-02-12,48747,1462.41,Yes,No,Success
T01287,C161,P04,PR05,2025-10-06,4584,91.68,Yes,No,Success
T01288,C429,P11,PR05,2025-12-30,22301,446.02,Yes,No,Success
T01289,C482,P13,PR03,2025-08-02,1428,71.4,No,No,Success
T01290,C076,P09,PR06,2025-02-12,33367,1167.85,Yes,Yes,Success
T01291,C089,P01,PR05,2025-06-09,27320,546.4,Yes,No,Success
T01292,C045,P19,PR05,2025-08-26,46132,922.64,Yes,No,Success
T01293,C303,P01,PR01,2025-03-28,21307,639.21,No,Yes,Success
T01294,C483,P08,PR01,2025-06-07,47966,1438.98,No,No,Failed
T01295,C068,P10,PR01,2025-01-28,48872,1466.16,Yes,No,Success
T01296,C116,P07,PR05,2025-05-20,27630,552.6,No,Yes,Success
T01297,C048,P16,PR05,2025-07-01,17837,356.74,Yes,No,Success
T01298,C352,P06,PR04,2025-01-19,41854,1674.16,No,No,Success
T01299,C223,P12,PR05,2025-11-27,46518,930.36,No,No,Success
T01300,C283,P09,PR05,2025-02-16,33514,670.28,Yes,Yes,Success
T01301,C265,P06,PR02,2025-09-01,8056,201.4,Yes,No,Success
T01302,C462,P02,PR03,2025-06-15,39060,1953.0,No,No,Failed
T01303,C244,P11,PR01,2025-06-22,28117,843.51,No,Yes,Failed
T01304,C280,P06,PR02,2025-01-12,31094,777.35,Yes,No,Success
T01305,C205,P16,PR05,2025-05-05,48403,968.06,Yes,No,Success
T01306,C021,P08,PR05,2025-09-17,20172,403.44,Yes,No,Success
T01307,C015,P06,PR05,2025-09-20,39367,787.34,Yes,No,Success
T01308,C102,P19,PR05,2025-03-13,34846,696.92,Yes,No,Pending
T01309,C406,P05,PR08,2025-06-27,20768,415.36,Yes,Yes,Success
T01310,C155,P10,PR01,2025-02-11,11776,353.28,Yes,No,Success
T01311,C351,P18,PR05,2025-07-11,10601,212.02,Yes,Yes,Success
T01312,C358,P07,PR05,2025-08-30,26324,526.48,No,No,Success
T01313,C199,P05,PR05,2025-06-12,6779,135.58,No,Yes,Success
T01314,C374,P14,PR06,2025-11-02,44720,1565.2,Yes,Yes,Success
T01315,C014,P08,PR05,2025-11-08,38932,778.64,Yes,Yes,Success
T01316,C313,P20,PR05,2025-07-23,604,12.08,No,No,Success
T01317,C155,P14,PR01,2025-02-17,14343,430.29,Yes,No,Success
T01318,C346,P16,PR02,2025-01-18,25850,646.25,Yes,No,Success
T01319,C428,P04,PR03,2025-08-27,34404,1720.2,No,No,Success
T01320,C412,P01,PR05,2025-03-24,27007,540.14,Yes,No,Success
T01321,C335,P13,PR04,2025-08-05,32359,1294.36,No,No,Success
T01322,C414,P15,PR05,2025-09-15,40059,801.18,Yes,No,Success
T01323,C058,P06,PR05,2025-08-06,24411,488.22,Yes,No,Success
T01324,C486,P19,PR01,2025-05-13,22593,677.79,Yes,No,Success
T01325,C238,P10,PR04,2025-01-21,3681,147.24,Yes,No,Success
T01326,C190,P09,PR06,2025-08-06,45483,1591.91,Yes,No,Success
T01327,C151,P12,PR05,2025-08-02,12213,244.26,Yes,No,Success
T01328,C375,P02,PR05,2025-09-30,23912,478.24,No,Yes,Success
T01329,C075,P16,PR01,2025-08-09,48130,1443.9,No,No,Success
T01330,C421,P17,PR05,2025-10-19,48517,970.34,Yes,Yes,Success
T01331,C327,P04,PR01,2025-07-15,47935,1438.05,Yes,No,Success
T01332,C217,P13,PR05,2025-01-12,20290,405.8,Yes,No,Success
T01333,C429,P14,PR05,2025-03-01,5695,113.9,No,No,Pending
T01334,C438,P08,PR05,2025-12-22,35834,716.68,No,No,Success
T01335,C141,P06,PR05,2025-05-22,29135,582.7,Yes,Yes,Success
T01336,C140,P01,PR01,2025-07-28,19172,575.16,Yes,No,Success
T01337,C307,P11,PR02,2025-02-19,30806,770.15,Yes,Yes,Success
T01338,C373,P20,PR01,2025-08-24,19363,580.89,Yes,No,Success
T01339,C007,P11,PR03,2025-06-24,37046,1852.3,Yes,No,Success
T01340,C108,P18,PR06,2025-12-24,33200,1162.0,Yes,No,Success
T01341,C496,P03,PR05,2025-11-20,37941,758.82,Yes,No,Success
T01342,C190,P10,PR05,2025-05-30,35207,704.14,No,No,Success
T01343,C086,P20,PR01,2025-06-30,38834,1165.02,Yes,No,Success
T01344,C285,P16,PR05,2025-05-01,19104,382.08,Yes,No,Success
T01345,C050,P13,PR07,2025-04-22,8593,128.89,Yes,Yes,Success
T01346,C206,P18,PR06,2025-07-29,48633,1702.16,Yes,Yes,Failed
T01347,C323,P04,PR02,2025-12-07,24301,607.52,No,No,Success
T01348,C273,P13,PR02,2025-04-26,35602,890.05,No,No,Success
T01349,C081,P06,PR06,2025-07-24,29955,1048.43,Yes,No,Success
T01350,C350,P04,PR04,2025-07-16,11789,471.56,Yes,No,Success
T01351,C317,P08,PR01,2025-03-12,2403,72.09,No,No,Success
T01352,C485,P01,PR05,2025-06-16,27289,545.78,No,Yes,Success
T01353,C012,P20,PR05,2025-12-01,24767,495.34,Yes,No,Success
T01354,C189,P08,PR06,2025-03-31,30500,1067.5,Yes,No,Success
T01355,C458,P01,PR01,2025-04-16,4747,142.41,Yes,No,Success
T01356,C408,P06,PR04,2025-08-25,16352,654.08,Yes,Yes,Success
T01357,C126,P15,PR02,2025-02-05,10937,273.43,Yes,Yes,Success
T01358,C442,P13,PR06,2025-02-06,31315,1096.03,No,No,Failed
T01359,C398,P20,PR05,2025-11-28,47410,948.2,No,No,Success
T01360,C150,P13,PR06,2025-01-21,4418,154.63,Yes,No,Success
T01361,C404,P04,PR05,2025-02-23,28587,571.74,Yes,No,Success
T01362,C370,P06,PR05,2025-07-07,7825,156.5,Yes,No,Failed
T01363,C136,P04,PR05,2025-06-18,14268,285.36,No,Yes,Failed
T01364,C388,P09,PR04,2025-06-25,16538,661.52,Yes,No,Success
T01365,C141,P20,PR05,2025-01-19,37739,754.78,No,Yes,Success
T01366,C289,P12,PR02,2026-01-01,24804,620.1,Yes,No,Success
T01367,C366,P15,PR05,2025-12-11,31648,632.96,Yes,No,Success
T01368,C440,P13,PR01,2025-05-12,19658,589.74,No,Yes,Success
T01369,C007,P09,PR02,2025-07-06,38788,969.7,No,No,Pending
T01370,C461,P06,PR03,2025-06-26,41031,2051.55,No,No,Success
T01371,C444,P16,PR05,2025-11-28,25271,505.42,Yes,No,Success
T01372,C343,P03,PR06,2025-06-25,1432,50.12,Yes,Yes,Success
T01373,C405,P04,PR05,2025-11-29,48260,965.2,Yes,No,Success
T01374,C431,P17,PR05,2025-04-27,1299,25.98,No,No,Success
T01375,C260,P03,PR05,2025-05-19,22095,441.9,Yes,No,Success
T01376,C229,P19,PR06,2025-09-25,4168,145.88,Yes,No,Success
T01377,C440,P08,PR05,2025-04-27,43151,863.02,No,No,Success
T01378,C143,P03,PR05,2025-04-08,36674,733.48,No,No,Failed
T01379,C032,P07,PR01,2025-04-27,20341,610.23,Yes,No,Success
T01380,C164,P03,PR01,2025-04-11,3847,115.41,Yes,No,Success
T01381,C111,P20,PR01,2025-09-07,39125,1173.75,Yes,Yes,Success
T01382,C454,P15,PR06,2025-11-26,47684,1668.94,Yes,No,Success
T01383,C129,P14,PR04,2025-11-04,532,21.28,Yes,No,Success
T01384,C488,P10,PR04,2025-05-16,19096,763.84,No,Yes,Success
T01385,C321,P15,PR05,2025-02-27,20737,414.74,No,No,Success
T01386,C241,P16,PR02,2025-03-25,33893,847.33,Yes,No,Success
T01387,C176,P18,PR01,2025-04-04,29545,886.35,Yes,Yes,Success
T01388,C164,P17,PR02,2025-08-30,20513,512.83,Yes,No,Success
T01389,C166,P06,PR05,2025-04-09,10631,212.62,No,No,Failed
T01390,C167,P17,PR05,2025-08-31,10797,215.94,No,No,Success
T01391,C242,P10,PR02,2025-07-09,17726,443.15,Yes,No,Success
T01392,C158,P14,PR05,2025-10-16,29972,599.44,Yes,No,Success
T01393,C182,P05,PR03,2025-08-22,27290,1364.5,No,Yes,Success
T01394,C132,P10,PR02,2025-07-11,47467,1186.67,Yes,No,Success
T01395,C103,P07,PR05,2025-11-13,48932,978.64,Yes,No,Success
T01396,C371,P16,PR02,2025-10-31,21830,545.75,Yes,No,Success
T01397,C492,P16,PR05,2025-05-08,45575,911.5,Yes,No,Success
T01398,C176,P09,PR01,2025-10-03,42418,1272.54,Yes,No,Success
T01399,C038,P11,PR01,2025-07-31,49640,1489.2,No,No,Success
T01400,C046,P15,PR05,2025-05-06,37320,746.4,Yes,No,Success
T01401,C354,P01,PR05,2025-03-13,19598,391.96,No,Yes,Success
T01402,C491,P12,PR05,2025-08-17,21075,421.5,No,Yes,Success
T01403,C171,P07,PR02,2025-12-13,24237,605.93,No,No,Success
T01404,C062,P14,PR07,2025-08-07,9692,145.38,Yes,No,Success
T01405,C192,P01,PR05,2025-10-17,34071,681.42,Yes,Yes,Success
T01406,C252,P10,PR05,2025-10-22,35811,716.22,Yes,Yes,Success
T01407,C400,P04,PR01,2025-09-30,37088,1112.64,Yes,No,Failed
T01408,C313,P07,PR05,2025-02-07,31200,624.0,No,No,Success
T01409,C078,P11,PR04,2025-02-07,48926,1957.04,Yes,No,Success
T01410,C420,P14,PR05,2025-01-11,48961,979.22,Yes,No,Success
T01411,C116,P11,PR03,2025-08-07,1059,52.95,Yes,No,Success
T01412,C235,P07,PR05,2025-10-22,35389,707.78,No,No,Success
T01413,C396,P05,PR05,2025-04-16,12876,257.52,Yes,Yes,Success
T01414,C400,P05,PR07,2025-10-04,3085,46.27,Yes,Yes,Failed
T01415,C107,P07,PR07,2025-06-05,43633,654.5,Yes,No,Success
T01416,C014,P05,PR06,2025-08-14,23787,832.55,Yes,No,Success
T01417,C107,P13,PR06,2025-01-26,48990,1714.65,Yes,No,Success
T01418,C048,P06,PR03,2025-09-17,8669,433.45,No,No,Success
T01419,C482,P16,PR05,2025-11-06,8387,167.74,Yes,No,Success
T01420,C410,P17,PR02,2025-07-04,6450,161.25,Yes,No,Failed
T01421,C412,P14,PR01,2025-07-24,25405,762.15,No,Yes,Success
T01422,C223,P10,PR02,2025-04-28,4779,119.48,No,Yes,Success
T01423,C009,P09,PR03,2025-11-28,31391,1569.55,No,Yes,Success
T01424,C066,P17,PR01,2025-03-21,1107,33.21,Yes,No,Success
T01425,C444,P10,PR05,2025-07-10,14251,285.02,No,No,Success
T01426,C495,P05,PR01,2025-12-09,34486,1034.58,Yes,No,Success
T01427,C105,P10,PR01,2025-07-26,33107,993.21,No,No,Success
T01428,C170,P01,PR02,2025-08-29,2192,54.8,Yes,No,Failed
T01429,C391,P20,PR01,2025-09-26,25209,756.27,Yes,Yes,Success
T01430,C034,P04,PR02,2025-09-01,28017,700.43,Yes,No,Failed
T01431,C415,P01,PR04,2025-06-09,40035,1601.4,Yes,No,Success
T01432,C188,P20,PR02,2025-12-09,35888,897.2,No,No,Success
T01433,C065,P08,PR06,2025-09-21,13363,467.71,Yes,No,Success
T01434,C368,P13,PR01,2025-05-25,6712,201.36,No,Yes,Success
T01435,C155,P11,PR01,2025-12-30,43712,1311.36,No,No,Success
T01436,C390,P05,PR05,2025-06-17,17980,359.6,Yes,No,Success
T01437,C383,P13,PR07,2025-11-20,2742,41.13,Yes,Yes,Success
T01438,C428,P08,PR01,2025-03-24,2735,82.05,Yes,Yes,Success
T01439,C322,P19,PR06,2025-07-27,12804,448.14,Yes,Yes,Success
T01440,C382,P09,PR05,2025-12-02,8221,164.42,No,No,Success
T01441,C175,P16,PR06,2025-10-09,17230,603.05,Yes,Yes,Failed
T01442,C033,P12,PR05,2025-08-07,17727,354.54,No,No,Success
T01443,C425,P04,PR02,2025-03-03,30478,761.95,Yes,No,Failed
T01444,C284,P03,PR02,2025-09-16,29084,727.1,Yes,No,Failed
T01445,C431,P08,PR05,2025-01-09,9787,195.74,Yes,No,Success
T01446,C441,P17,PR05,2025-09-26,37389,747.78,Yes,No,Success
T01447,C086,P12,PR05,2025-03-23,35291,705.82,Yes,Yes,Success
T01448,C367,P05,PR05,2025-10-04,49724,994.48,No,No,Failed
T01449,C152,P13,PR02,2025-09-25,26771,669.28,No,No,Success
T01450,C001,P03,PR01,2025-05-09,20160,604.8,No,No,Success
T01451,C492,P03,PR05,2025-01-31,39427,788.54,No,Yes,Success
T01452,C201,P06,PR01,2025-11-27,16390,491.7,Yes,No,Success
T01453,C494,P09,PR03,2025-03-13,15331,766.55,No,Yes,Success
T01454,C106,P15,PR07,2025-03-14,10451,156.76,No,No,Success
T01455,C269,P04,PR01,2025-11-18,20892,626.76,Yes,Yes,Success
T01456,C381,P20,PR06,2025-08-21,35971,1258.99,Yes,No,Success
T01457,C487,P02,PR05,2025-07-15,18332,366.64,No,No,Success
T01458,C449,P16,PR04,2025-05-30,11539,461.56,Yes,Yes,Pending
T01459,C443,P12,PR05,2025-05-04,39759,795.18,No,No,Success
T01460,C030,P04,PR07,2025-05-24,28134,422.01,No,No,Failed
T01461,C215,P09,PR05,2025-07-02,22050,441.0,Yes,Yes,Success
T01462,C114,P19,PR02,2025-08-11,32938,823.45,No,Yes,Success
T01463,C311,P19,PR05,2025-07-12,37244,744.88,No,No,Success
T01464,C303,P04,PR01,2025-10-22,7564,226.92,Yes,No,Success
T01465,C463,P20,PR05,2025-08-04,46985,939.7,No,No,Success
T01466,C437,P15,PR05,2025-10-21,29351,587.02,No,Yes,Success
T01467,C399,P14,PR06,2025-12-09,49284,1724.94,No,Yes,Success
T01468,C051,P10,PR05,2025-07-31,22058,441.16,No,No,Success
T01469,C177,P12,PR02,2025-05-08,45261,1131.53,Yes,No,Success
T01470,C135,P06,PR05,2025-04-18,42102,842.04,Yes,No,Success
T01471,C179,P06,PR05,2025-09-13,49869,997.38,No,No,Success
T01472,C163,P10,PR05,2025-02-21,15414,308.28,No,Yes,Success
T01473,C096,P13,PR05,2025-04-14,42408,848.16,Yes,No,Success
T01474,C387,P06,PR06,2025-03-28,24188,846.58,Yes,Yes,Success
T01475,C329,P18,PR06,2025-06-01,46390,1623.65,No,No,Success
T01476,C048,P03,PR05,2025-12-31,13516,270.32,Yes,No,Success
T01477,C175,P18,PR02,2025-07-01,47416,1185.4,Yes,No,Success
T01478,C315,P19,PR07,2025-02-12,19761,296.41,Yes,Yes,Success
T01479,C342,P09,PR02,2025-01-14,10658,266.45,Yes,No,Pending
T01480,C226,P07,PR02,2025-03-16,15300,382.5,Yes,Yes,Success
T01481,C213,P18,PR05,2025-10-10,29267,585.34,No,Yes,Success
T01482,C322,P19,PR05,2025-07-18,26689,533.78,No,No,Pending
T01483,C221,P12,PR06,2025-07-06,17772,622.02,No,No,Success
T01484,C069,P11,PR03,2025-12-26,45929,2296.45,Yes,No,Success
T01485,C363,P16,PR08,2025-10-02,33756,675.12,Yes,No,Success
T01486,C360,P18,PR05,2025-04-25,47526,950.52,Yes,No,Success
T01487,C303,P14,PR05,2025-02-03,33080,661.6,No,Yes,Success
T01488,C459,P12,PR05,2025-09-02,4271,85.42,No,Yes,Success
T01489,C142,P19,PR01,2025-05-10,47611,1428.33,No,No,Success
T01490,C392,P05,PR04,2025-07-22,46651,1866.04,Yes,No,Success
T01491,C120,P19,PR05,2025-09-18,22161,443.22,No,Yes,Success
T01492,C442,P01,PR05,2025-11-09,21108,422.16,Yes,No,Success
T01493,C315,P03,PR05,2025-09-29,5153,103.06,Yes,Yes,Success
T01494,C428,P06,PR08,2025-01-16,12253,245.06,No,No,Success
T01495,C294,P13,PR01,2025-07-28,26947,808.41,Yes,No,Success
T01496,C182,P06,PR01,2025-12-29,20894,626.82,Yes,No,Success
T01497,C117,P12,PR02,2025-11-28,13646,341.15,No,No,Success
T01498,C451,P20,PR05,2025-02-01,1836,36.72,No,Yes,Success
T01499,C007,P01,PR01,2025-06-17,35176,1055.28,Yes,Yes,Failed
T01500,C490,P06,PR05,2025-04-07,5047,100.94,No,No,Success
T01501,C447,P05,PR08,2025-11-04,6854,137.08,Yes,Yes,Success
T01502,C260,P05,PR06,2025-08-16,12132,424.62,Yes,Yes,Success
T01503,C414,P10,PR07,2025-05-30,8382,125.73,Yes,No,Success
T01504,C255,P07,PR01,2025-11-05,7035,211.05,Yes,No,Success
T01505,C281,P13,PR04,2025-08-18,43654,1746.16,No,No,Success
T01506,C123,P16,PR02,2025-04-07,9765,244.12,No,Yes,Success
T01507,C416,P19,PR08,2025-02-20,31985,639.7,No,Yes,Success
T01508,C295,P18,PR06,2025-09-25,37396,1308.86,Yes,No,Success
T01509,C391,P07,PR02,2025-05-30,29853,746.33,No,No,Success
T01510,C252,P04,PR01,2025-06-14,2061,61.83,Yes,No,Success
T01511,C395,P02,PR08,2025-09-28,19321,386.42,No,Yes,Success
T01512,C461,P19,PR06,2025-10-05,49511,1732.89,Yes,No,Success
T01513,C198,P07,PR01,2025-06-30,20353,610.59,No,Yes,Success
T01514,C261,P17,PR06,2025-04-02,48900,1711.5,Yes,No,Success
T01515,C487,P06,PR02,2025-04-24,30465,761.62,No,Yes,Success
T01516,C314,P01,PR02,2025-01-24,42470,1061.75,No,Yes,Success
T01517,C464,P08,PR07,2025-12-04,810,12.15,No,No,Pending
T01518,C191,P13,PR08,2025-01-23,15466,309.32,Yes,No,Success
T01519,C349,P19,PR02,2025-12-30,28211,705.28,No,No,Success
T01520,C468,P09,PR06,2025-07-29,48776,1707.16,No,No,Success
T01521,C419,P16,PR02,2025-05-10,12918,322.95,No,No,Success
T01522,C066,P08,PR05,2025-02-06,29934,598.68,No,Yes,Failed
T01523,C275,P11,PR04,2025-03-27,12516,500.64,No,No,Success
T01524,C146,P18,PR07,2025-05-27,26596,398.94,Yes,No,Success
T01525,C487,P03,PR01,2025-10-12,13746,412.38,No,Yes,Success
T01526,C056,P04,PR01,2025-04-28,31879,956.37,Yes,No,Success
T01527,C124,P14,PR05,2025-11-12,4917,98.34,Yes,No,Success
T01528,C479,P17,PR05,2025-04-07,43942,878.84,No,No,Success
T01529,C175,P09,PR01,2025-03-31,10508,315.24,Yes,Yes,Success
T01530,C485,P10,PR03,2025-09-16,10533,526.65,Yes,Yes,Success
T01531,C013,P15,PR05,2025-02-05,29261,585.22,No,No,Success
T01532,C494,P11,PR01,2025-01-30,36356,1090.68,Yes,Yes,Success
T01533,C087,P11,PR01,2025-07-09,47717,1431.51,Yes,No,Success
T01534,C289,P02,PR01,2025-07-18,724,21.72,No,Yes,Success
T01535,C280,P03,PR05,2025-01-11,37438,748.76,No,No,Failed
T01536,C352,P20,PR05,2025-07-18,19011,380.22,Yes,No,Success
T01537,C326,P15,PR05,2025-09-03,23119,462.38,No,Yes,Success
T01538,C147,P06,PR03,2025-07-18,9963,498.15,No,No,Success
T01539,C074,P02,PR01,2025-08-24,20151,604.53,Yes,No,Failed
T01540,C431,P12,PR08,2025-04-17,8693,173.86,No,No,Success
T01541,C488,P13,PR05,2025-08-26,29590,591.8,Yes,No,Success
T01542,C126,P07,PR05,2025-12-31,13994,279.88,Yes,Yes,Failed
T01543,C187,P15,PR05,2025-10-08,41058,821.16,No,No,Success
T01544,C073,P16,PR02,2025-02-25,26244,656.1,Yes,No,Failed
T01545,C212,P02,PR07,2025-04-13,41367,620.5,Yes,No,Success
T01546,C222,P06,PR03,2025-08-15,34414,1720.7,Yes,Yes,Success
T01547,C349,P19,PR01,2025-03-21,49388,1481.64,No,No,Success
T01548,C240,P08,PR01,2025-03-08,21241,637.23,No,No,Success
T01549,C377,P02,PR05,2025-12-13,35272,705.44,Yes,Yes,Success
T01550,C170,P03,PR07,2025-06-10,3957,59.35,No,No,Success
T01551,C431,P03,PR07,2025-07-05,20656,309.84,No,No,Failed
T01552,C361,P06,PR04,2025-05-29,22691,907.64,Yes,No,Success
T01553,C213,P04,PR06,2025-09-30,11199,391.97,No,No,Success
T01554,C144,P08,PR05,2025-02-28,46366,927.32,No,Yes,Success
T01555,C451,P13,PR05,2025-08-31,9386,187.72,Yes,Yes,Success
T01556,C477,P15,PR05,2025-10-27,24249,484.98,Yes,No,Success
T01557,C291,P12,PR04,2025-06-23,44524,1780.96,No,No,Success
T01558,C347,P13,PR01,2025-03-18,20167,605.01,Yes,No,Pending
T01559,C165,P10,PR01,2025-12-31,42064,1261.92,No,No,Success
T01560,C009,P20,PR08,2025-10-30,32923,658.46,Yes,Yes,Failed
T01561,C267,P01,PR01,2025-09-08,18866,565.98,Yes,Yes,Success
T01562,C230,P14,PR05,2025-06-22,17743,354.86,Yes,No,Success
T01563,C171,P18,PR04,2025-01-17,5758,230.32,Yes,No,Success
T01564,C155,P13,PR05,2025-04-13,1759,35.18,No,No,Success
T01565,C193,P11,PR05,2025-07-07,46169,923.38,No,No,Success
T01566,C068,P12,PR03,2025-05-14,22921,1146.05,Yes,No,Success
T01567,C044,P11,PR06,2025-09-18,44527,1558.45,No,Yes,Success
T01568,C039,P06,PR05,2025-07-11,16422,328.44,Yes,No,Success
T01569,C005,P01,PR01,2025-06-24,5442,163.26,No,No,Success
T01570,C324,P11,PR05,2025-12-07,30696,613.92,Yes,Yes,Success
T01571,C475,P03,PR01,2025-04-06,49394,1481.82,Yes,No,Success
T01572,C108,P02,PR05,2025-02-10,15774,315.48,Yes,No,Success
T01573,C254,P20,PR06,2025-12-28,46915,1642.03,Yes,No,Success
T01574,C227,P06,PR06,2025-09-17,4515,158.03,Yes,Yes,Success
T01575,C295,P07,PR01,2025-12-25,36020,1080.6,Yes,No,Success
T01576,C084,P13,PR06,2025-11-22,15423,539.81,No,No,Success
T01577,C219,P09,PR05,2025-06-26,14803,296.06,No,No,Success
T01578,C145,P06,PR07,2025-02-03,16993,254.89,Yes,No,Failed
T01579,C041,P15,PR01,2025-01-07,28686,860.58,No,No,Success
T01580,C358,P20,PR05,2025-12-14,24189,483.78,No,No,Success
T01581,C381,P16,PR02,2025-07-09,23969,599.23,Yes,No,Success
T01582,C117,P19,PR08,2025-03-29,12970,259.4,Yes,No,Success
T01583,C238,P15,PR04,2025-08-20,26926,1077.04,Yes,No,Success
T01584,C404,P11,PR07,2025-07-15,9637,144.56,No,No,Success
T01585,C464,P06,PR01,2025-03-19,43869,1316.07,Yes,Yes,Success
T01586,C139,P11,PR03,2025-04-12,10323,516.15,Yes,No,Success
T01587,C143,P08,PR07,2025-04-08,36500,547.5,Yes,No,Success
T01588,C250,P02,PR07,2025-06-30,10974,164.61,No,Yes,Success
T01589,C073,P08,PR04,2025-09-23,19460,778.4,No,No,Success
T01590,C324,P06,PR01,2025-06-23,20685,620.55,No,No,Success
T01591,C272,P10,PR01,2025-06-24,8982,269.46,No,No,Failed
T01592,C033,P01,PR03,2025-08-17,31532,1576.6,Yes,Yes,Failed
T01593,C325,P16,PR05,2025-05-24,20982,419.64,Yes,No,Success
T01594,C495,P11,PR01,2025-11-20,8831,264.93,Yes,No,Success
T01595,C251,P19,PR05,2025-08-29,16824,336.48,No,No,Failed
T01596,C320,P11,PR03,2025-02-11,10222,511.1,Yes,No,Failed
T01597,C137,P03,PR07,2025-08-19,48198,722.97,Yes,Yes,Success
T01598,C435,P02,PR05,2025-08-31,24340,486.8,Yes,No,Success
T01599,C288,P05,PR06,2025-05-20,32124,1124.34,No,No,Success
T01600,C422,P07,PR06,2025-11-02,13611,476.39,No,No,Success
T01601,C410,P17,PR06,2025-05-25,34808,1218.28,Yes,No,Success
T01602,C134,P07,PR06,2025-03-15,20041,701.44,Yes,Yes,Success
T01603,C239,P05,PR04,2025-08-17,24658,986.32,No,No,Success
T01604,C480,P09,PR05,2025-08-22,7561,151.22,Yes,No,Success
T01605,C166,P01,PR01,2025-03-05,8923,267.69,Yes,No,Success
T01606,C193,P18,PR01,2025-01-14,47718,1431.54,No,No,Success
T01607,C330,P10,PR02,2025-06-15,2763,69.08,Yes,No,Failed
T01608,C366,P05,PR01,2025-09-12,47507,1425.21,Yes,Yes,Success
T01609,C121,P03,PR05,2025-07-04,47283,945.66,No,No,Success
T01610,C206,P18,PR05,2025-02-01,32773,655.46,Yes,No,Success
T01611,C417,P07,PR01,2025-08-18,6363,190.89,Yes,No,Failed
T01612,C331,P18,PR02,2025-01-13,4203,105.08,Yes,No,Success
T01613,C389,P08,PR01,2025-03-20,14852,445.56,No,Yes,Success
T01614,C344,P13,PR03,2025-01-10,42071,2103.55,Yes,No,Success
T01615,C282,P03,PR05,2025-01-21,27693,553.86,Yes,Yes,Success
T01616,C360,P03,PR04,2025-10-25,23397,935.88,No,No,Success
T01617,C275,P01,PR03,2025-11-18,10478,523.9,No,No,Success
T01618,C428,P07,PR05,2025-11-08,10976,219.52,Yes,Yes,Failed
T01619,C147,P15,PR03,2025-01-15,43128,2156.4,Yes,No,Success
T01620,C095,P04,PR05,2025-01-22,13908,278.16,Yes,Yes,Failed
T01621,C377,P10,PR02,2025-12-20,37869,946.73,No,No,Success
T01622,C332,P08,PR03,2025-10-18,4063,203.15,No,No,Success
T01623,C111,P06,PR01,2025-06-20,1310,39.3,Yes,No,Success
T01624,C309,P06,PR02,2025-09-09,26108,652.7,Yes,No,Success
T01625,C040,P20,PR05,2025-02-24,16786,335.72,No,No,Success
T01626,C477,P01,PR06,2025-06-05,18472,646.52,Yes,No,Pending
T01627,C111,P07,PR01,2025-08-05,24620,738.6,No,No,Success
T01628,C395,P02,PR05,2025-03-03,19994,399.88,Yes,No,Failed
T01629,C062,P01,PR06,2025-09-01,13912,486.92,Yes,Yes,Success
T01630,C356,P18,PR04,2025-05-20,38496,1539.84,Yes,No,Success
T01631,C111,P03,PR05,2025-07-23,10546,210.92,No,Yes,Success
T01632,C090,P01,PR06,2025-10-23,27528,963.48,No,No,Pending
T01633,C145,P16,PR06,2025-04-14,47024,1645.84,No,Yes,Success
T01634,C354,P15,PR06,2025-01-01,15889,556.12,No,Yes,Success
T01635,C488,P16,PR06,2025-04-29,37130,1299.55,No,No,Success
T01636,C234,P16,PR01,2025-10-06,24571,737.13,Yes,No,Success
T01637,C165,P12,PR05,2025-07-28,10048,200.96,Yes,No,Success
T01638,C076,P16,PR02,2025-12-12,19665,491.62,Yes,No,Success
T01639,C171,P12,PR05,2025-11-27,9520,190.4,Yes,No,Failed
T01640,C176,P17,PR01,2025-11-17,3302,99.06,Yes,No,Success
T01641,C072,P07,PR05,2025-12-21,38097,761.94,Yes,No,Failed
T01642,C022,P17,PR08,2025-02-23,36151,723.02,Yes,No,Success
T01643,C117,P11,PR07,2025-09-08,48977,734.65,Yes,No,Success
T01644,C268,P13,PR05,2025-04-23,26384,527.68,Yes,No,Success
T01645,C328,P15,PR08,2025-03-21,15298,305.96,No,No,Success
T01646,C410,P04,PR01,2025-09-11,33563,1006.89,Yes,Yes,Pending
T01647,C156,P07,PR02,2025-10-05,27115,677.88,No,No,Success
T01648,C062,P07,PR01,2025-04-06,19884,596.52,No,No,Success
T01649,C217,P12,PR04,2025-12-05,8295,331.8,Yes,No,Success
T01650,C156,P14,PR03,2025-11-14,14160,708.0,Yes,No,Success
T01651,C017,P16,PR01,2025-06-13,32700,981.0,Yes,No,Success
T01652,C276,P04,PR05,2025-08-05,49843,996.86,No,No,Success
T01653,C014,P13,PR08,2025-01-20,32632,652.64,No,No,Success
T01654,C043,P08,PR02,2025-11-20,6532,163.3,No,No,Success
T01655,C018,P11,PR02,2025-06-08,31254,781.35,Yes,No,Success
T01656,C006,P05,PR05,2025-10-31,6722,134.44,No,No,Failed
T01657,C093,P15,PR04,2025-05-21,33403,1336.12,No,No,Failed
T01658,C130,P19,PR05,2025-03-02,3692,73.84,No,No,Failed
T01659,C021,P10,PR02,2025-11-04,11165,279.12,Yes,Yes,Success
T01660,C247,P16,PR06,2025-05-08,13549,474.22,Yes,No,Success
T01661,C023,P10,PR06,2025-04-04,25188,881.58,Yes,No,Success
T01662,C228,P04,PR04,2025-02-21,47281,1891.24,Yes,Yes,Pending
T01663,C225,P16,PR05,2025-07-07,2051,41.02,No,No,Success
T01664,C326,P18,PR06,2025-02-24,24636,862.26,Yes,Yes,Success
T01665,C034,P03,PR05,2025-05-15,4886,97.72,No,No,Success
T01666,C465,P05,PR05,2025-03-03,16440,328.8,Yes,Yes,Success
T01667,C280,P12,PR01,2025-10-13,43744,1312.32,Yes,Yes,Success
T01668,C060,P18,PR01,2025-01-21,27583,827.49,Yes,Yes,Success
T01669,C191,P02,PR05,2025-09-19,1233,24.66,No,Yes,Success
T01670,C156,P05,PR05,2025-06-13,1080,21.6,No,No,Success
T01671,C245,P16,PR01,2025-04-20,31613,948.39,Yes,No,Success
T01672,C075,P05,PR05,2025-09-19,5147,102.94,Yes,No,Success
T01673,C290,P06,PR08,2025-05-07,5257,105.14,No,No,Success
T01674,C209,P02,PR07,2025-08-10,17701,265.51,Yes,No,Success
T01675,C477,P12,PR01,2025-07-20,48111,1443.33,Yes,No,Success
T01676,C315,P17,PR06,2025-07-28,31915,1117.03,No,No,Success
T01677,C255,P03,PR05,2025-08-10,19349,386.98,Yes,No,Success
T01678,C396,P02,PR05,2025-07-09,10039,200.78,Yes,No,Success
T01679,C156,P18,PR08,2025-11-06,22879,457.58,Yes,No,Failed
T01680,C388,P19,PR05,2025-12-22,25803,516.06,Yes,No,Success
T01681,C241,P11,PR05,2025-02-16,9495,189.9,No,No,Success
T01682,C129,P09,PR05,2025-05-19,4624,92.48,No,No,Success
T01683,C465,P08,PR07,2025-10-17,21744,326.16,Yes,No,Success
T01684,C211,P09,PR02,2025-05-16,44808,1120.2,Yes,No,Success
T01685,C411,P10,PR05,2025-04-08,9627,192.54,No,No,Success
T01686,C298,P17,PR02,2025-03-30,30822,770.55,Yes,No,Success
T01687,C405,P11,PR02,2025-04-04,39699,992.48,No,No,Success
T01688,C139,P19,PR03,2025-08-24,47492,2374.6,Yes,Yes,Success
T01689,C417,P18,PR02,2025-07-21,25178,629.45,Yes,Yes,Failed
T01690,C479,P18,PR07,2025-10-26,30303,454.54,No,No,Success
T01691,C322,P16,PR02,2025-11-01,28530,713.25,Yes,No,Success
T01692,C186,P02,PR01,2025-01-22,8555,256.65,No,No,Success
T01693,C474,P14,PR02,2025-04-15,6784,169.6,Yes,No,Success
T01694,C369,P09,PR01,2025-05-26,41418,1242.54,Yes,Yes,Success
T01695,C476,P18,PR05,2025-07-01,17980,359.6,No,Yes,Success
T01696,C088,P13,PR02,2025-04-15,14909,372.73,Yes,Yes,Success
T01697,C499,P09,PR05,2025-09-06,40747,814.94,Yes,Yes,Success
T01698,C085,P06,PR02,2025-04-23,40451,1011.28,Yes,Yes,Success
T01699,C435,P13,PR04,2025-08-17,39803,1592.12,Yes,Yes,Success
T01700,C077,P13,PR05,2025-11-11,29501,590.02,No,Yes,Success
T01701,C252,P14,PR02,2025-09-26,44626,1115.65,Yes,Yes,Success
T01702,C311,P07,PR03,2025-07-10,29479,1473.95,Yes,Yes,Success
T01703,C404,P13,PR05,2025-04-17,11535,230.7,Yes,No,Success
T01704,C195,P20,PR05,2025-08-29,15631,312.62,No,No,Success
T01705,C232,P01,PR05,2025-07-19,4739,94.78,Yes,No,Success
T01706,C466,P14,PR04,2025-02-15,29684,1187.36,Yes,No,Success
T01707,C246,P06,PR06,2025-03-28,17530,613.55,Yes,No,Success
T01708,C434,P02,PR05,2025-07-15,13326,266.52,Yes,No,Success
T01709,C316,P18,PR06,2025-01-26,6554,229.39,Yes,No,Success
T01710,C440,P14,PR01,2025-05-23,9782,293.46,No,Yes,Success
T01711,C119,P03,PR01,2025-11-14,4876,146.28,Yes,No,Success
T01712,C091,P10,PR07,2025-10-08,49068,736.02,Yes,No,Success
T01713,C309,P03,PR01,2025-02-04,13304,399.12,No,No,Success
T01714,C284,P12,PR05,2025-04-02,30812,616.24,Yes,No,Success
T01715,C393,P09,PR01,2025-09-20,11758,352.74,No,No,Failed
T01716,C025,P16,PR03,2025-03-21,11444,572.2,No,Yes,Success
T01717,C237,P08,PR03,2025-08-21,18802,940.1,Yes,Yes,Success
T01718,C022,P03,PR05,2025-07-13,49947,998.94,Yes,No,Success
T01719,C203,P18,PR04,2025-10-05,49931,1997.24,No,No,Success
T01720,C182,P20,PR05,2025-10-23,34556,691.12,No,No,Success
T01721,C086,P17,PR05,2025-09-13,27217,544.34,Yes,Yes,Success
T01722,C060,P20,PR08,2025-07-31,20058,401.16,Yes,No,Success
T01723,C009,P07,PR04,2025-08-11,49672,1986.88,No,No,Success
T01724,C072,P10,PR05,2025-07-22,49601,992.02,Yes,Yes,Success
T01725,C205,P15,PR04,2025-12-31,32401,1296.04,Yes,No,Success
T01726,C126,P05,PR03,2025-11-24,3865,193.25,No,No,Success
T01727,C455,P14,PR04,2025-02-09,25833,1033.32,Yes,No,Success
T01728,C035,P12,PR04,2025-06-19,31921,1276.84,Yes,No,Success
T01729,C382,P18,PR08,2025-05-19,10064,201.28,Yes,No,Success
T01730,C207,P11,PR03,2025-11-10,29883,1494.15,Yes,No,Success
T01731,C300,P04,PR01,2025-08-13,34381,1031.43,No,No,Success
T01732,C374,P19,PR05,2025-09-17,36413,728.26,Yes,No,Failed
T01733,C366,P15,PR03,2025-11-22,43794,2189.7,Yes,Yes,Failed
T01734,C142,P13,PR01,2025-04-23,25658,769.74,Yes,No,Pending
T01735,C100,P14,PR01,2025-03-19,37809,1134.27,Yes,No,Pending
T01736,C084,P02,PR02,2025-05-16,4840,121.0,No,No,Success
T01737,C474,P16,PR06,2025-02-28,11353,397.36,Yes,No,Failed
T01738,C436,P16,PR05,2025-05-13,24887,497.74,Yes,No,Failed
T01739,C341,P11,PR05,2025-09-27,41887,837.74,Yes,No,Success
T01740,C413,P20,PR05,2025-05-06,18782,375.64,Yes,Yes,Success
T01741,C154,P16,PR02,2025-07-27,33847,846.18,Yes,No,Success
T01742,C285,P08,PR02,2025-04-23,10197,254.93,No,Yes,Failed
T01743,C278,P17,PR07,2025-07-05,46203,693.04,Yes,No,Success
T01744,C084,P20,PR02,2025-09-04,16392,409.8,No,No,Success
T01745,C224,P13,PR07,2025-08-10,4229,63.43,Yes,No,Success
T01746,C158,P08,PR07,2025-09-07,8248,123.72,No,No,Pending
T01747,C221,P08,PR05,2025-05-27,27062,541.24,Yes,No,Success
T01748,C193,P03,PR05,2025-02-21,39392,787.84,Yes,No,Success
T01749,C460,P03,PR05,2025-12-24,32786,655.72,No,No,Success
T01750,C150,P12,PR01,2025-12-14,9247,277.41,No,No,Success
T01751,C085,P10,PR05,2025-06-19,3149,62.98,Yes,No,Success
T01752,C421,P07,PR01,2025-03-29,513,15.39,No,No,Success
T01753,C316,P17,PR02,2025-02-06,19599,489.98,No,No,Success
T01754,C081,P17,PR05,2025-02-19,17538,350.76,Yes,Yes,Success
T01755,C341,P06,PR03,2025-12-22,22694,1134.7,Yes,No,Pending
T01756,C362,P13,PR02,2025-08-03,43327,1083.17,No,Yes,Pending
T01757,C108,P08,PR02,2025-08-25,21904,547.6,Yes,Yes,Success
T01758,C076,P04,PR05,2025-08-18,8214,164.28,Yes,No,Success
T01759,C297,P08,PR02,2025-09-04,21468,536.7,Yes,Yes,Success
T01760,C374,P19,PR07,2025-06-04,36683,550.25,No,Yes,Success
T01761,C201,P07,PR01,2025-06-26,10758,322.74,Yes,Yes,Failed
T01762,C417,P16,PR02,2025-08-26,12726,318.15,No,No,Success
T01763,C418,P11,PR02,2025-12-29,9209,230.23,Yes,No,Failed
T01764,C095,P01,PR05,2025-03-26,46365,927.3,No,No,Success
T01765,C022,P05,PR08,2025-05-03,10210,204.2,Yes,No,Success
T01766,C214,P02,PR02,2025-01-05,12330,308.25,No,No,Success
T01767,C054,P16,PR03,2025-09-14,679,33.95,Yes,Yes,Success
T01768,C259,P09,PR06,2025-09-29,49262,1724.17,Yes,No,Success
T01769,C223,P02,PR07,2025-08-21,13388,200.82,No,No,Success
T01770,C023,P10,PR08,2025-06-20,30413,608.26,Yes,No,Pending
T01771,C476,P15,PR01,2025-11-08,27844,835.32,Yes,No,Success
T01772,C154,P02,PR02,2025-04-28,17847,446.18,No,No,Success
T01773,C021,P08,PR01,2025-08-19,15522,465.66,Yes,Yes,Success
T01774,C275,P18,PR01,2025-08-02,18432,552.96,Yes,No,Success
T01775,C394,P20,PR05,2025-12-06,20567,411.34,Yes,No,Success
T01776,C400,P04,PR05,2025-05-01,19345,386.9,No,No,Success
T01777,C103,P01,PR01,2025-12-17,43498,1304.94,Yes,No,Success
T01778,C067,P09,PR04,2025-03-28,7018,280.72,No,No,Success
T01779,C374,P06,PR06,2025-07-05,13875,485.63,Yes,No,Success
T01780,C328,P03,PR05,2025-02-09,36458,729.16,No,No,Failed
T01781,C034,P09,PR01,2025-04-02,16199,485.97,Yes,No,Success
T01782,C239,P17,PR05,2025-03-04,35535,710.7,Yes,No,Success
T01783,C181,P06,PR03,2025-07-18,6531,326.55,No,No,Success
T01784,C412,P03,PR01,2025-02-02,41154,1234.62,Yes,No,Success
T01785,C246,P12,PR05,2025-01-16,13225,264.5,Yes,No,Success
T01786,C398,P13,PR01,2025-04-19,34081,1022.43,Yes,No,Success
T01787,C035,P08,PR05,2025-12-03,46201,924.02,No,No,Success
T01788,C329,P12,PR04,2025-04-12,21616,864.64,No,Yes,Success
T01789,C341,P12,PR05,2025-11-29,1622,32.44,Yes,No,Success
T01790,C044,P05,PR02,2025-02-19,30874,771.85,Yes,No,Success
T01791,C284,P18,PR01,2025-06-24,32897,986.91,Yes,No,Success
T01792,C160,P18,PR05,2025-08-06,16624,332.48,Yes,No,Success
T01793,C357,P09,PR02,2025-07-14,9473,236.83,No,No,Success
T01794,C187,P03,PR08,2025-09-13,35297,705.94,Yes,No,Success
T01795,C095,P03,PR08,2025-03-12,21979,439.58,No,No,Failed
T01796,C500,P09,PR03,2025-06-20,6736,336.8,Yes,Yes,Success
T01797,C119,P02,PR05,2025-05-22,5666,113.32,Yes,No,Success
T01798,C416,P18,PR06,2025-10-23,5720,200.2,No,No,Failed
T01799,C459,P13,PR05,2025-01-21,7082,141.64,Yes,No,Success
T01800,C027,P05,PR02,2025-02-05,49068,1226.7,Yes,No,Success
T01801,C241,P12,PR06,2025-07-27,3286,115.01,Yes,No,Success
T01802,C042,P11,PR05,2025-03-28,16725,334.5,Yes,No,Success
T01803,C241,P07,PR01,2025-12-29,1603,48.09,Yes,No,Success
T01804,C209,P01,PR05,2025-12-15,16136,322.72,Yes,No,Success
T01805,C253,P18,PR05,2025-05-02,12791,255.82,Yes,Yes,Success
T01806,C150,P12,PR01,2025-03-11,35088,1052.64,Yes,No,Failed
T01807,C316,P04,PR02,2025-12-28,16820,420.5,Yes,No,Success
T01808,C303,P07,PR08,2025-05-10,27077,541.54,No,No,Success
T01809,C128,P05,PR05,2025-12-31,44476,889.52,Yes,No,Success
T01810,C203,P05,PR05,2025-04-22,45331,906.62,Yes,Yes,Success
T01811,C425,P01,PR02,2025-07-31,7759,193.98,Yes,Yes,Success
T01812,C445,P12,PR05,2025-06-16,8576,171.52,No,No,Success
T01813,C104,P05,PR02,2025-04-16,43958,1098.95,Yes,Yes,Success
T01814,C251,P16,PR07,2025-05-21,16410,246.15,Yes,No,Success
T01815,C384,P15,PR01,2025-09-26,4405,132.15,Yes,No,Failed
T01816,C091,P14,PR01,2025-01-08,18806,564.18,Yes,No,Success
T01817,C330,P08,PR04,2025-08-19,20370,814.8,Yes,No,Success
T01818,C083,P16,PR07,2025-04-23,18171,272.56,Yes,Yes,Success
T01819,C113,P18,PR05,2025-09-18,25703,514.06,No,Yes,Success
T01820,C354,P04,PR03,2025-05-20,17199,859.95,No,No,Success
T01821,C291,P04,PR03,2025-05-04,4626,231.3,No,No,Success
T01822,C439,P20,PR07,2025-10-22,36935,554.02,No,No,Success
T01823,C002,P05,PR04,2025-01-11,35124,1404.96,Yes,No,Success
T01824,C247,P07,PR05,2025-04-06,595,11.9,Yes,No,Success
T01825,C301,P07,PR02,2025-11-18,18321,458.03,Yes,No,Success
T01826,C195,P16,PR05,2025-11-16,6797,135.94,Yes,Yes,Success
T01827,C389,P08,PR02,2025-09-30,31392,784.8,Yes,Yes,Pending
T01828,C053,P19,PR01,2025-03-12,5498,164.94,Yes,No,Success
T01829,C038,P04,PR03,2025-12-15,48905,2445.25,No,No,Success
T01830,C112,P12,PR02,2025-02-19,14559,363.98,Yes,Yes,Success
T01831,C330,P19,PR01,2025-08-19,18877,566.31,No,Yes,Failed
T01832,C413,P09,PR05,2025-11-03,6628,132.56,Yes,No,Success
T01833,C142,P18,PR01,2025-03-27,45654,1369.62,No,No,Success
T01834,C408,P14,PR06,2025-06-19,14679,513.77,Yes,No,Success
T01835,C219,P12,PR05,2025-07-02,506,10.12,No,No,Success
T01836,C293,P01,PR05,2025-12-08,41604,832.08,Yes,Yes,Success
T01837,C092,P07,PR05,2025-04-18,48501,970.02,Yes,No,Success
T01838,C069,P02,PR04,2025-03-02,41043,1641.72,No,No,Success
T01839,C428,P14,PR05,2025-03-20,20134,402.68,No,No,Success
T01840,C192,P02,PR03,2025-09-30,11731,586.55,Yes,No,Success
T01841,C109,P03,PR01,2025-03-20,10824,324.72,Yes,No,Success
T01842,C267,P18,PR01,2025-12-13,47272,1418.16,Yes,No,Success
T01843,C169,P15,PR07,2025-03-22,38879,583.18,No,No,Success
T01844,C218,P06,PR02,2025-11-09,29929,748.23,No,No,Success
T01845,C409,P01,PR05,2025-04-11,48565,971.3,Yes,No,Success
T01846,C060,P05,PR07,2025-01-28,38602,579.03,Yes,No,Failed
T01847,C203,P19,PR01,2025-12-31,31912,957.36,No,Yes,Success
T01848,C410,P05,PR05,2025-05-04,15691,313.82,No,No,Success
T01849,C276,P18,PR06,2025-02-12,16326,571.41,Yes,No,Success
T01850,C424,P06,PR02,2025-01-23,9424,235.6,Yes,No,Success
T01851,C358,P03,PR06,2025-09-23,14951,523.29,Yes,No,Success
T01852,C378,P11,PR05,2025-08-24,5753,115.06,Yes,No,Success
T01853,C400,P01,PR01,2025-12-07,1255,37.65,No,No,Success
T01854,C388,P19,PR01,2025-02-11,11308,339.24,Yes,Yes,Pending
T01855,C332,P12,PR01,2025-01-30,35825,1074.75,No,No,Success
T01856,C161,P13,PR05,2025-12-11,23656,473.12,Yes,No,Success
T01857,C082,P03,PR05,2025-10-07,17592,351.84,No,No,Success
T01858,C268,P03,PR04,2025-03-19,32687,1307.48,Yes,No,Success
T01859,C195,P16,PR05,2025-01-21,21085,421.7,Yes,No,Success
T01860,C134,P08,PR01,2025-07-13,43887,1316.61,Yes,No,Success
T01861,C077,P13,PR05,2025-07-13,35236,704.72,Yes,Yes,Success
T01862,C165,P12,PR02,2025-12-05,15432,385.8,Yes,No,Success
T01863,C022,P18,PR05,2026-01-01,48315,966.3,Yes,No,Success
T01864,C439,P20,PR02,2025-10-13,39959,998.98,Yes,No,Pending
T01865,C488,P17,PR05,2025-04-05,42196,843.92,Yes,Yes,Success
T01866,C130,P17,PR07,2025-03-05,26168,392.52,No,No,Success
T01867,C133,P06,PR02,2025-10-08,48556,1213.9,No,No,Failed
T01868,C368,P07,PR05,2025-09-28,25278,505.56,No,No,Success
T01869,C357,P13,PR05,2025-11-13,9773,195.46,No,No,Success
T01870,C375,P10,PR05,2025-07-28,44211,884.22,Yes,Yes,Failed
T01871,C189,P17,PR05,2025-08-09,9053,181.06,Yes,No,Success
T01872,C421,P13,PR01,2025-05-30,3172,95.16,No,No,Success
T01873,C388,P10,PR07,2025-01-22,24988,374.82,Yes,No,Success
T01874,C350,P06,PR03,2025-05-31,36116,1805.8,Yes,No,Success
T01875,C194,P10,PR05,2025-07-30,31290,625.8,No,No,Success
T01876,C259,P01,PR07,2025-04-26,35257,528.86,No,No,Success
T01877,C426,P09,PR05,2025-06-19,12195,243.9,No,Yes,Success
T01878,C353,P11,PR05,2025-01-20,44650,893.0,Yes,No,Pending
T01879,C470,P07,PR02,2025-04-17,13911,347.78,No,No,Success
T01880,C162,P04,PR05,2025-07-22,38977,779.54,No,No,Success
T01881,C308,P15,PR01,2025-09-27,47116,1413.48,Yes,No,Success
T01882,C124,P19,PR01,2025-02-16,13516,405.48,No,Yes,Success
T01883,C116,P02,PR03,2025-07-28,21669,1083.45,No,No,Pending
T01884,C390,P17,PR06,2025-09-12,40599,1420.97,No,No,Success
T01885,C440,P14,PR04,2025-10-10,33312,1332.48,No,No,Success
T01886,C421,P01,PR06,2025-01-16,14177,496.2,Yes,No,Success
T01887,C269,P01,PR05,2025-05-06,39637,792.74,No,No,Success
T01888,C146,P20,PR04,2025-03-03,48292,1931.68,No,No,Failed
T01889,C110,P13,PR06,2025-07-08,45072,1577.52,No,No,Failed
T01890,C037,P04,PR01,2025-09-27,40063,1201.89,No,No,Success
T01891,C204,P17,PR02,2025-09-02,15661,391.53,Yes,Yes,Success
T01892,C088,P06,PR08,2025-04-21,13260,265.2,No,No,Success
T01893,C173,P14,PR04,2025-02-09,22467,898.68,Yes,No,Success
T01894,C067,P17,PR06,2025-10-02,19764,691.74,Yes,No,Success
T01895,C122,P16,PR05,2025-07-22,22617,452.34,Yes,No,Success
T01896,C060,P05,PR05,2025-08-07,6790,135.8,No,Yes,Success
T01897,C267,P07,PR01,2025-07-04,4129,123.87,Yes,No,Success
T01898,C198,P05,PR06,2025-12-17,2287,80.05,Yes,No,Success
T01899,C394,P07,PR01,2025-05-11,12002,360.06,No,No,Success
T01900,C224,P19,PR05,2025-02-25,12519,250.38,Yes,No,Success
T01901,C319,P07,PR05,2025-09-26,9845,196.9,No,No,Pending
T01902,C459,P18,PR01,2025-01-03,20423,612.69,No,No,Success
T01903,C245,P18,PR02,2025-09-28,16059,401.48,Yes,Yes,Success
T01904,C064,P02,PR03,2025-02-22,47938,2396.9,No,No,Success
T01905,C260,P12,PR05,2025-10-17,3612,72.24,Yes,Yes,Success
T01906,C366,P15,PR05,2025-05-11,1533,30.66,Yes,Yes,Success
T01907,C483,P14,PR05,2025-11-16,41379,827.58,Yes,No,Success
T01908,C329,P20,PR02,2025-11-04,36721,918.03,No,No,Success
T01909,C456,P17,PR06,2025-06-01,6375,223.13,Yes,No,Success
T01910,C128,P05,PR05,2025-06-19,37774,755.48,Yes,No,Success
T01911,C317,P07,PR06,2025-03-31,37821,1323.74,No,Yes,Success
T01912,C151,P05,PR06,2025-08-09,15116,529.06,Yes,No,Failed
T01913,C012,P18,PR03,2025-08-31,46354,2317.7,Yes,No,Success
T01914,C329,P15,PR03,2025-03-31,2500,125.0,No,No,Failed
T01915,C311,P08,PR05,2025-06-16,34578,691.56,No,No,Success
T01916,C071,P18,PR02,2025-01-09,34592,864.8,No,No,Success
T01917,C455,P04,PR06,2025-03-14,27204,952.14,No,No,Success
T01918,C208,P19,PR01,2025-07-03,10149,304.47,Yes,Yes,Success
T01919,C196,P19,PR01,2025-07-13,36585,1097.55,Yes,No,Failed
T01920,C247,P14,PR02,2025-02-20,37317,932.93,No,No,Success
T01921,C161,P19,PR01,2025-06-22,35136,1054.08,No,No,Success
T01922,C205,P18,PR01,2025-03-18,18001,540.03,Yes,No,Success
T01923,C461,P02,PR05,2025-01-16,41528,830.56,No,Yes,Success
T01924,C437,P17,PR01,2025-08-11,44259,1327.77,No,No,Success
T01925,C427,P13,PR08,2025-09-15,8153,163.06,Yes,Yes,Success
T01926,C025,P03,PR05,2025-07-12,2170,43.4,Yes,No,Success
T01927,C038,P11,PR02,2025-01-28,40249,1006.23,Yes,No,Failed
T01928,C487,P15,PR05,2025-11-25,38672,773.44,Yes,Yes,Success
T01929,C139,P01,PR02,2025-09-11,18836,470.9,Yes,No,Success
T01930,C454,P05,PR01,2025-07-26,29927,897.81,No,No,Success
T01931,C285,P03,PR01,2025-09-09,1775,53.25,No,No,Failed
T01932,C290,P20,PR07,2025-02-04,11049,165.73,No,No,Success
T01933,C135,P03,PR05,2025-04-10,35465,709.3,Yes,No,Success
T01934,C184,P06,PR01,2025-04-14,21091,632.73,Yes,No,Success
T01935,C238,P01,PR05,2025-04-15,5687,113.74,No,No,Success
T01936,C084,P01,PR01,2025-07-14,40013,1200.39,Yes,No,Success
T01937,C163,P05,PR05,2025-08-28,44385,887.7,Yes,No,Success
T01938,C230,P03,PR01,2025-12-08,14803,444.09,Yes,No,Success
T01939,C443,P19,PR05,2025-06-15,11555,231.1,Yes,No,Success
T01940,C221,P09,PR01,2025-05-26,6694,200.82,No,Yes,Success
T01941,C204,P16,PR02,2025-10-01,7159,178.98,Yes,Yes,Success
T01942,C263,P06,PR05,2025-04-06,44230,884.6,Yes,No,Success
T01943,C275,P06,PR06,2025-02-22,39100,1368.5,No,No,Failed
T01944,C280,P11,PR03,2025-09-09,38020,1901.0,No,No,Success
T01945,C448,P18,PR05,2025-05-05,15680,313.6,No,No,Success
T01946,C210,P01,PR05,2025-06-23,21369,427.38,Yes,No,Pending
T01947,C302,P18,PR01,2025-11-22,46559,1396.77,Yes,No,Pending
T01948,C032,P13,PR04,2025-09-12,46382,1855.28,Yes,No,Success
T01949,C187,P01,PR01,2025-07-12,1513,45.39,Yes,Yes,Success
T01950,C179,P11,PR01,2025-12-12,41733,1251.99,Yes,No,Success
T01951,C398,P11,PR05,2025-10-04,1472,29.44,No,No,Success
T01952,C376,P03,PR03,2025-09-25,10352,517.6,No,No,Success
T01953,C291,P13,PR05,2025-08-22,21955,439.1,No,No,Success
T01954,C138,P08,PR05,2025-08-09,45186,903.72,No,No,Success
T01955,C065,P02,PR06,2025-06-19,10876,380.66,No,No,Success
T01956,C222,P20,PR02,2025-12-21,36039,900.98,Yes,No,Success
T01957,C173,P20,PR02,2025-09-20,40188,1004.7,Yes,Yes,Success
T01958,C280,P17,PR02,2025-08-23,41529,1038.23,No,No,Success
T01959,C183,P06,PR05,2025-05-01,6507,130.14,No,No,Success
T01960,C096,P01,PR01,2025-11-12,43539,1306.17,Yes,No,Success
T01961,C322,P15,PR05,2025-09-11,47647,952.94,No,No,Success
T01962,C469,P14,PR06,2025-09-16,38156,1335.46,Yes,No,Success
T01963,C296,P07,PR01,2025-09-10,34324,1029.72,No,Yes,Success
T01964,C001,P13,PR02,2025-11-26,34866,871.65,Yes,No,Success
T01965,C453,P01,PR01,2025-12-06,18150,544.5,No,No,Pending
T01966,C170,P15,PR03,2025-10-19,41102,2055.1,Yes,No,Success
T01967,C399,P11,PR06,2025-07-11,12028,420.98,Yes,Yes,Success
T01968,C101,P05,PR04,2025-06-30,26325,1053.0,No,No,Success
T01969,C350,P18,PR02,2025-10-22,9222,230.55,No,No,Success
T01970,C280,P19,PR02,2025-02-22,13251,331.28,Yes,Yes,Success
T01971,C096,P18,PR05,2025-06-22,21987,439.74,No,No,Success
T01972,C086,P19,PR07,2025-03-29,25998,389.97,Yes,No,Failed
T01973,C312,P12,PR02,2025-02-22,35217,880.43,Yes,No,Success
T01974,C190,P12,PR05,2025-01-14,26138,522.76,No,No,Success
T01975,C167,P01,PR03,2025-11-09,37113,1855.65,Yes,No,Success
T01976,C004,P07,PR06,2025-06-06,15193,531.75,No,Yes,Success
T01977,C039,P04,PR05,2025-09-04,38311,766.22,Yes,Yes,Success
T01978,C298,P08,PR06,2025-05-18,22363,782.71,No,Yes,Success
T01979,C167,P10,PR03,2025-08-21,6280,314.0,Yes,No,Success
T01980,C188,P20,PR02,2025-04-20,11871,296.78,No,No,Success
T01981,C409,P14,PR05,2025-08-18,16107,322.14,No,Yes,Pending
T01982,C357,P04,PR02,2025-05-26,10309,257.73,No,No,Success
T01983,C197,P20,PR03,2025-09-28,30425,1521.25,No,Yes,Success
T01984,C310,P05,PR04,2025-09-02,4441,177.64,Yes,No,Success
T01985,C439,P12,PR05,2025-07-25,37056,741.12,Yes,Yes,Success
T01986,C214,P02,PR06,2025-06-16,28559,999.57,No,No,Success
T01987,C227,P09,PR05,2025-06-02,35818,716.36,No,Yes,Success
T01988,C458,P09,PR05,2025-10-05,49049,980.98,No,No,Success
T01989,C404,P20,PR03,2025-05-28,21296,1064.8,Yes,Yes,Pending
T01990,C416,P14,PR06,2025-06-20,5938,207.83,Yes,No,Success
T01991,C411,P10,PR01,2025-07-10,10719,321.57,No,No,Failed
T01992,C068,P04,PR01,2025-06-16,15994,479.82,No,Yes,Success
T01993,C268,P07,PR02,2025-11-21,2714,67.85,No,No,Success
T01994,C146,P17,PR01,2025-09-26,20374,611.22,No,No,Success
T01995,C256,P08,PR05,2025-08-05,9941,198.82,Yes,No,Success
T01996,C212,P05,PR07,2025-01-04,42649,639.74,Yes,No,Pending
T01997,C148,P07,PR05,2025-02-05,24671,493.42,Yes,No,Success
T01998,C378,P05,PR05,2025-04-08,7437,148.74,No,Yes,Success
T01999,C004,P10,PR06,2025-11-16,42780,1497.3,Yes,No,Success
T02000,C213,P09,PR01,2025-09-08,16539,496.17,Yes,No,Success
T02001,C393,P16,PR01,2025-07-26,11317,339.51,Yes,Yes,Success
T02002,C246,P15,PR05,2025-06-14,23443,468.86,Yes,No,Success
T02003,C195,P05,PR02,2025-10-20,9391,234.78,No,No,Success
T02004,C380,P15,PR05,2025-07-15,44394,887.88,No,No,Success
T02005,C445,P06,PR03,2025-08-14,36503,1825.15,No,No,Success
T02006,C102,P15,PR04,2025-04-22,14594,583.76,No,No,Pending
T02007,C167,P06,PR07,2025-03-30,2418,36.27,Yes,No,Failed
T02008,C452,P06,PR02,2025-02-21,27496,687.4,No,No,Success
T02009,C156,P08,PR05,2025-10-11,42466,849.32,Yes,Yes,Success
T02010,C494,P08,PR05,2025-10-23,46537,930.74,No,No,Success
T02011,C214,P04,PR07,2025-09-08,17983,269.75,No,No,Success
T02012,C414,P13,PR04,2025-05-29,11088,443.52,Yes,Yes,Success
T02013,C416,P16,PR06,2025-11-09,38354,1342.39,No,Yes,Failed
T02014,C225,P01,PR05,2025-04-06,38659,773.18,Yes,No,Success
T02015,C462,P20,PR02,2025-08-28,44194,1104.85,No,No,Success
T02016,C459,P11,PR02,2025-03-12,46894,1172.35,Yes,No,Failed
T02017,C015,P04,PR02,2025-03-10,10280,257.0,No,No,Success
T02018,C097,P06,PR06,2025-01-20,36412,1274.42,No,No,Success
T02019,C454,P15,PR05,2025-09-23,45458,909.16,Yes,No,Success
T02020,C379,P12,PR05,2025-12-08,45937,918.74,Yes,Yes,Success
T02021,C409,P02,PR03,2025-04-14,4489,224.45,Yes,No,Success
T02022,C418,P19,PR03,2025-10-21,5874,293.7,Yes,No,Success
T02023,C447,P19,PR06,2025-02-17,14265,499.28,Yes,Yes,Success
T02024,C483,P19,PR05,2025-06-28,48325,966.5,No,Yes,Success
T02025,C262,P07,PR02,2025-01-30,48663,1216.58,No,Yes,Success
T02026,C043,P07,PR03,2025-12-18,31308,1565.4,Yes,Yes,Pending
T02027,C325,P05,PR01,2025-03-19,3673,110.19,Yes,Yes,Failed
T02028,C210,P15,PR07,2025-12-05,30669,460.03,Yes,Yes,Success
T02029,C058,P13,PR05,2025-07-26,8097,161.94,Yes,No,Success
T02030,C229,P05,PR05,2025-06-25,2591,51.82,No,No,Success
T02031,C474,P20,PR07,2025-04-20,13472,202.08,Yes,No,Success
T02032,C007,P06,PR02,2025-08-22,35637,890.93,No,No,Success
T02033,C392,P10,PR05,2025-04-01,10306,206.12,Yes,No,Success
T02034,C269,P05,PR05,2025-06-22,41482,829.64,No,No,Success
T02035,C147,P13,PR01,2025-03-07,39580,1187.4,Yes,No,Success
T02036,C370,P13,PR06,2025-02-03,23435,820.23,No,No,Success
T02037,C342,P19,PR07,2025-11-02,47402,711.03,Yes,No,Success
T02038,C118,P15,PR06,2025-03-02,6868,240.38,Yes,Yes,Failed
T02039,C188,P13,PR05,2025-06-07,35865,717.3,No,Yes,Success
T02040,C455,P05,PR02,2025-01-14,5411,135.28,Yes,No,Success
T02041,C083,P16,PR01,2025-04-29,40755,1222.65,Yes,No,Success
T02042,C369,P03,PR05,2025-08-09,29539,590.78,Yes,No,Success
T02043,C272,P04,PR01,2025-06-25,18941,568.23,Yes,No,Success
T02044,C329,P01,PR06,2025-04-24,41901,1466.54,No,No,Success
T02045,C316,P12,PR01,2025-07-27,1604,48.12,No,No,Success
T02046,C458,P10,PR04,2025-11-15,28234,1129.36,Yes,No,Success
T02047,C146,P14,PR08,2025-03-30,24877,497.54,No,No,Success
T02048,C237,P14,PR01,2025-01-02,16956,508.68,Yes,No,Success
T02049,C063,P02,PR05,2025-04-17,34197,683.94,Yes,No,Success
T02050,C231,P13,PR05,2025-05-22,7078,141.56,No,Yes,Success
T02051,C007,P17,PR05,2025-02-19,36176,723.52,No,No,Success
T02052,C445,P04,PR01,2025-06-25,2497,74.91,No,No,Success
T02053,C053,P08,PR01,2025-01-28,30185,905.55,Yes,Yes,Success
T02054,C185,P17,PR01,2025-05-22,19356,580.68,Yes,Yes,Success
T02055,C013,P01,PR01,2025-10-17,13381,401.43,Yes,No,Failed
T02056,C219,P14,PR05,2025-11-02,29782,595.64,Yes,Yes,Success
T02057,C344,P07,PR01,2025-11-07,13539,406.17,Yes,No,Failed
T02058,C430,P14,PR04,2025-07-21,17160,686.4,Yes,Yes,Success
T02059,C426,P05,PR01,2025-12-25,16264,487.92,No,Yes,Success
T02060,C218,P04,PR02,2025-06-09,27684,692.1,No,No,Success
T02061,C026,P15,PR01,2025-10-29,8133,243.99,Yes,No,Failed
T02062,C336,P09,PR01,2025-10-27,49587,1487.61,Yes,No,Success
T02063,C388,P09,PR06,2025-10-21,37391,1308.69,Yes,Yes,Pending
T02064,C022,P09,PR01,2025-11-09,11780,353.4,No,Yes,Success
T02065,C421,P16,PR05,2025-07-22,39686,793.72,No,No,Success
T02066,C102,P15,PR02,2025-10-30,4767,119.18,Yes,Yes,Success
T02067,C150,P04,PR05,2025-07-30,49645,992.9,No,No,Success
T02068,C249,P16,PR04,2025-10-20,3718,148.72,Yes,Yes,Success
T02069,C108,P17,PR02,2025-12-09,12494,312.35,Yes,No,Success
T02070,C229,P01,PR01,2025-02-04,40512,1215.36,No,No,Success
T02071,C072,P01,PR04,2025-04-20,43774,1750.96,Yes,No,Success
T02072,C055,P03,PR05,2025-07-30,11741,234.82,Yes,Yes,Success
T02073,C322,P09,PR01,2025-02-18,43782,1313.46,No,No,Success
T02074,C121,P12,PR08,2025-12-17,5984,119.68,No,No,Success
T02075,C230,P05,PR05,2025-02-27,38819,776.38,Yes,No,Success
T02076,C321,P19,PR06,2025-05-29,33507,1172.75,No,No,Success
T02077,C476,P13,PR06,2025-05-14,36323,1271.31,Yes,Yes,Success
T02078,C268,P17,PR04,2025-04-30,23834,953.36,Yes,No,Success
T02079,C277,P06,PR04,2025-02-01,1255,50.2,No,No,Success
T02080,C342,P03,PR04,2025-04-03,31516,1260.64,No,No,Success
T02081,C392,P03,PR05,2025-03-22,6496,129.92,Yes,No,Success
T02082,C308,P14,PR02,2025-10-14,11336,283.4,No,Yes,Success
T02083,C477,P16,PR03,2025-12-07,44427,2221.35,No,No,Success
T02084,C133,P03,PR02,2025-10-25,8227,205.68,Yes,No,Success
T02085,C128,P06,PR06,2025-09-07,42595,1490.83,Yes,No,Success
T02086,C371,P13,PR05,2025-07-01,22343,446.86,Yes,No,Success
T02087,C344,P13,PR06,2025-04-04,43664,1528.24,Yes,Yes,Success
T02088,C145,P20,PR04,2025-07-12,42420,1696.8,Yes,Yes,Success
T02089,C137,P15,PR05,2025-09-19,2179,43.58,Yes,Yes,Success
T02090,C198,P05,PR05,2025-03-23,7198,143.96,No,No,Success
T02091,C141,P18,PR06,2025-10-07,27148,950.18,Yes,No,Success
T02092,C137,P18,PR05,2025-07-24,15049,300.98,Yes,No,Success
T02093,C133,P13,PR06,2025-09-03,9508,332.78,Yes,No,Success
T02094,C218,P01,PR05,2025-11-16,4966,99.32,No,Yes,Success
T02095,C301,P08,PR08,2025-07-03,7902,158.04,No,No,Success
T02096,C366,P14,PR01,2025-02-25,13906,417.18,Yes,No,Success
T02097,C128,P02,PR01,2025-05-11,12727,381.81,Yes,No,Success
T02098,C012,P06,PR05,2025-07-04,46396,927.92,No,No,Success
T02099,C316,P04,PR01,2025-08-08,8663,259.89,Yes,Yes,Success
T02100,C404,P19,PR02,2025-08-02,2351,58.78,Yes,Yes,Success
T02101,C034,P17,PR04,2025-03-06,49489,1979.56,No,No,Success
T02102,C280,P18,PR05,2025-01-02,3241,64.82,No,No,Success
T02103,C227,P09,PR01,2025-07-31,5717,171.51,Yes,No,Success
T02104,C095,P13,PR06,2025-11-17,41299,1445.47,Yes,No,Success
T02105,C413,P08,PR05,2025-12-24,40962,819.24,No,No,Success
T02106,C196,P19,PR04,2025-06-09,33708,1348.32,No,No,Success
T02107,C412,P02,PR05,2025-02-26,21049,420.98,Yes,Yes,Success
T02108,C400,P16,PR01,2025-07-04,45552,1366.56,Yes,No,Failed
T02109,C037,P16,PR01,2025-02-10,7931,237.93,Yes,No,Success
T02110,C395,P18,PR05,2025-07-22,49829,996.58,Yes,No,Success
T02111,C052,P17,PR05,2025-10-24,8742,174.84,Yes,No,Success
T02112,C013,P20,PR04,2025-12-02,3721,148.84,No,No,Success
T02113,C129,P06,PR05,2025-01-25,38534,770.68,Yes,No,Success
T02114,C442,P18,PR06,2025-11-11,49033,1716.16,Yes,No,Success
T02115,C083,P01,PR05,2025-06-09,17679,353.58,Yes,No,Success
T02116,C457,P01,PR04,2025-10-20,35726,1429.04,Yes,No,Success
T02117,C401,P17,PR07,2025-11-08,13101,196.51,Yes,Yes,Failed
T02118,C449,P13,PR03,2025-03-08,27005,1350.25,No,Yes,Success
T02119,C056,P13,PR05,2025-11-20,4051,81.02,Yes,No,Success
T02120,C478,P14,PR01,2025-03-24,46033,1380.99,No,Yes,Success
T02121,C220,P16,PR01,2025-12-22,30117,903.51,No,No,Success
T02122,C200,P01,PR02,2025-02-23,4912,122.8,Yes,No,Pending
T02123,C418,P09,PR01,2025-10-01,33488,1004.64,No,No,Pending
T02124,C008,P04,PR01,2025-08-31,35683,1070.49,Yes,No,Success
T02125,C066,P07,PR04,2025-02-10,37123,1484.92,Yes,No,Failed
T02126,C477,P09,PR04,2025-08-17,1392,55.68,Yes,No,Success
T02127,C416,P14,PR06,2025-02-08,42350,1482.25,Yes,Yes,Success
T02128,C118,P16,PR02,2025-06-25,16964,424.1,Yes,No,Success
T02129,C273,P02,PR03,2025-08-25,49819,2490.95,Yes,No,Success
T02130,C486,P17,PR03,2025-03-31,17849,892.45,Yes,Yes,Success
T02131,C167,P09,PR05,2025-07-05,33494,669.88,No,No,Success
T02132,C131,P10,PR01,2025-12-01,28630,858.9,Yes,No,Success
T02133,C433,P03,PR01,2025-02-27,13398,401.94,Yes,Yes,Failed
T02134,C395,P18,PR08,2025-11-11,19208,384.16,No,No,Success
T02135,C418,P03,PR07,2025-08-19,48566,728.49,Yes,No,Success
T02136,C331,P06,PR02,2025-09-08,19732,493.3,Yes,Yes,Success
T02137,C087,P03,PR05,2025-09-01,45397,907.94,Yes,Yes,Success
T02138,C311,P13,PR06,2025-05-07,4908,171.78,No,No,Success
T02139,C312,P08,PR01,2025-06-16,25837,775.11,No,No,Success
T02140,C170,P08,PR05,2025-06-06,15536,310.72,Yes,No,Failed
T02141,C054,P17,PR05,2025-02-05,49016,980.32,No,No,Success
T02142,C432,P14,PR02,2025-06-26,4888,122.2,No,No,Success
T02143,C134,P09,PR05,2025-08-07,24057,481.14,Yes,No,Success
T02144,C034,P16,PR06,2025-11-05,45617,1596.6,No,No,Success
T02145,C352,P11,PR01,2025-05-04,42560,1276.8,No,Yes,Success
T02146,C339,P09,PR07,2025-10-03,34086,511.29,No,No,Success
T02147,C271,P17,PR04,2025-03-21,38925,1557.0,No,No,Success
T02148,C247,P19,PR02,2025-12-26,21111,527.77,Yes,No,Success
T02149,C130,P13,PR04,2025-04-30,9513,380.52,Yes,Yes,Success
T02150,C494,P13,PR05,2025-12-30,49501,990.02,Yes,No,Failed
T02151,C116,P19,PR06,2025-08-19,43013,1505.46,Yes,Yes,Success
T02152,C331,P18,PR01,2025-09-13,7887,236.61,Yes,No,Success
T02153,C089,P17,PR06,2025-09-21,14268,499.38,No,No,Success
T02154,C063,P02,PR02,2025-03-01,10048,251.2,Yes,Yes,Failed
T02155,C268,P13,PR01,2025-08-25,45828,1374.84,Yes,Yes,Failed
T02156,C306,P18,PR05,2025-12-13,41878,837.56,Yes,No,Success
T02157,C097,P12,PR01,2025-07-16,19864,595.92,No,No,Failed
T02158,C149,P11,PR02,2025-11-29,36743,918.58,Yes,No,Success
T02159,C142,P14,PR05,2025-10-09,32126,642.52,No,Yes,Success
T02160,C162,P04,PR06,2025-01-18,39081,1367.84,Yes,No,Pending
T02161,C207,P06,PR04,2025-01-02,49756,1990.24,Yes,No,Failed
T02162,C195,P15,PR07,2025-02-08,39056,585.84,Yes,No,Success
T02163,C200,P14,PR04,2025-05-18,44307,1772.28,Yes,Yes,Success
T02164,C445,P03,PR06,2025-12-29,20101,703.54,Yes,No,Pending
T02165,C001,P15,PR02,2025-10-05,18993,474.83,Yes,No,Success
T02166,C396,P20,PR06,2025-08-29,18120,634.2,Yes,No,Success
T02167,C221,P14,PR05,2025-10-08,13256,265.12,Yes,No,Success
T02168,C319,P13,PR05,2025-03-23,37501,750.02,Yes,No,Success
T02169,C286,P18,PR02,2025-09-24,28906,722.65,No,No,Success
T02170,C329,P16,PR08,2025-11-11,43780,875.6,Yes,Yes,Success
T02171,C233,P03,PR04,2025-10-19,24290,971.6,Yes,No,Success
T02172,C483,P03,PR02,2025-03-09,1959,48.98,Yes,No,Pending
T02173,C268,P19,PR04,2025-10-14,41857,1674.28,No,Yes,Success
T02174,C438,P01,PR08,2025-10-20,36760,735.2,Yes,Yes,Success
T02175,C262,P11,PR04,2025-03-02,22494,899.76,Yes,No,Success
T02176,C250,P10,PR05,2025-07-17,9541,190.82,No,No,Success
T02177,C283,P05,PR05,2025-05-24,42769,855.38,Yes,No,Success
T02178,C091,P06,PR01,2025-03-14,17950,538.5,No,No,Success
T02179,C416,P09,PR01,2025-07-07,3999,119.97,Yes,Yes,Success
T02180,C191,P16,PR02,2025-01-24,19744,493.6,Yes,No,Success
T02181,C065,P12,PR06,2025-09-12,9775,342.13,No,No,Success
T02182,C324,P13,PR05,2025-04-23,4652,93.04,No,No,Success
T02183,C088,P07,PR07,2025-03-11,30604,459.06,Yes,No,Pending
T02184,C313,P11,PR05,2025-05-24,37199,743.98,Yes,Yes,Success
T02185,C094,P06,PR07,2025-12-19,34363,515.44,Yes,No,Success
T02186,C200,P18,PR08,2025-07-11,5250,105.0,Yes,Yes,Success
T02187,C358,P02,PR07,2025-02-16,42540,638.1,Yes,No,Success
T02188,C454,P04,PR01,2025-12-03,30897,926.91,Yes,Yes,Success
T02189,C186,P08,PR06,2025-08-14,49250,1723.75,Yes,No,Success
T02190,C415,P14,PR01,2025-10-31,5145,154.35,Yes,Yes,Pending
T02191,C425,P03,PR02,2025-09-16,46418,1160.45,Yes,No,Success
T02192,C416,P05,PR05,2025-10-18,15376,307.52,Yes,No,Success
T02193,C177,P05,PR02,2025-11-01,27509,687.73,Yes,No,Success
T02194,C046,P20,PR03,2025-09-21,48518,2425.9,No,No,Success
T02195,C043,P07,PR02,2025-02-06,35785,894.62,Yes,No,Success
T02196,C313,P13,PR05,2025-04-24,44015,880.3,No,Yes,Failed
T02197,C185,P15,PR02,2025-05-12,48234,1205.85,Yes,No,Success
T02198,C216,P17,PR06,2025-01-31,10421,364.74,Yes,No,Success
T02199,C230,P07,PR01,2025-10-29,28632,858.96,Yes,No,Pending
T02200,C258,P07,PR06,2025-10-08,36016,1260.56,Yes,Yes,Success
T02201,C497,P10,PR03,2025-07-27,41828,2091.4,No,No,Success
T02202,C475,P09,PR01,2025-12-27,29619,888.57,Yes,No,Success
T02203,C492,P13,PR03,2025-03-23,24369,1218.45,Yes,Yes,Success
T02204,C480,P11,PR05,2025-06-16,35944,718.88,Yes,No,Success
T02205,C308,P04,PR05,2025-04-30,44152,883.04,Yes,Yes,Success
T02206,C049,P20,PR05,2025-12-18,25921,518.42,Yes,No,Success
T02207,C200,P02,PR07,2025-12-18,45194,677.91,No,Yes,Success
T02208,C471,P08,PR05,2025-06-11,24810,496.2,No,No,Success
T02209,C001,P03,PR01,2025-12-08,12108,363.24,Yes,No,Success
T02210,C183,P02,PR05,2025-01-06,37586,751.72,Yes,No,Success
T02211,C164,P04,PR06,2025-06-22,5673,198.56,Yes,No,Success
T02212,C352,P19,PR06,2025-05-13,43404,1519.14,Yes,No,Success
T02213,C490,P16,PR04,2025-02-21,3372,134.88,No,No,Success
T02214,C026,P12,PR04,2025-12-29,36593,1463.72,No,No,Success
T02215,C385,P03,PR06,2025-01-25,44174,1546.09,Yes,No,Pending
T02216,C396,P01,PR05,2025-04-15,20427,408.54,No,No,Success
T02217,C450,P07,PR02,2025-08-08,2559,63.98,Yes,No,Pending
T02218,C278,P10,PR02,2025-11-17,5219,130.47,No,Yes,Success
T02219,C316,P06,PR05,2025-10-07,40829,816.58,Yes,No,Success
T02220,C175,P05,PR03,2025-01-24,37664,1883.2,Yes,Yes,Success
T02221,C482,P19,PR07,2025-01-07,37815,567.23,No,No,Success
T02222,C031,P03,PR06,2025-10-07,36380,1273.3,Yes,No,Success
T02223,C246,P17,PR05,2025-05-17,16335,326.7,No,Yes,Failed
T02224,C292,P10,PR02,2025-06-07,13203,330.08,Yes,No,Success
T02225,C202,P16,PR02,2025-08-23,682,17.05,Yes,No,Success
T02226,C083,P12,PR02,2025-01-06,14784,369.6,Yes,Yes,Success
T02227,C095,P10,PR02,2025-02-24,26135,653.38,Yes,No,Success
T02228,C485,P19,PR05,2025-12-26,43851,877.02,No,Yes,Success
T02229,C036,P01,PR02,2025-01-17,6742,168.55,Yes,No,Failed
T02230,C183,P08,PR06,2025-01-03,3540,123.9,No,No,Success
T02231,C125,P01,PR03,2025-03-19,17098,854.9,No,Yes,Success
T02232,C316,P01,PR04,2025-05-25,9418,376.72,No,No,Pending
T02233,C387,P19,PR06,2025-10-12,22394,783.79,No,No,Success
T02234,C045,P06,PR05,2025-10-31,12694,253.88,No,No,Success
T02235,C489,P08,PR03,2025-08-03,15635,781.75,No,No,Success
T02236,C235,P12,PR06,2025-07-01,9771,341.99,Yes,Yes,Success
T02237,C356,P20,PR04,2025-03-06,2116,84.64,Yes,No,Success
T02238,C116,P18,PR02,2025-01-04,11123,278.07,Yes,No,Pending
T02239,C372,P06,PR01,2025-02-04,40345,1210.35,Yes,No,Success
T02240,C371,P01,PR05,2025-12-18,32536,650.72,Yes,Yes,Success
T02241,C109,P18,PR01,2025-07-10,29108,873.24,Yes,No,Success
T02242,C384,P15,PR06,2025-12-20,37788,1322.58,No,Yes,Success
T02243,C023,P02,PR03,2025-06-23,34366,1718.3,No,No,Success
T02244,C035,P18,PR05,2025-07-12,14652,293.04,No,Yes,Failed
T02245,C412,P17,PR04,2025-05-22,11796,471.84,Yes,No,Failed
T02246,C071,P06,PR05,2025-09-02,34179,683.58,Yes,Yes,Success
T02247,C066,P08,PR05,2025-03-11,35670,713.4,No,Yes,Success
T02248,C143,P07,PR02,2025-03-09,32434,810.85,No,No,Success
T02249,C296,P20,PR01,2025-12-30,24086,722.58,Yes,Yes,Success
T02250,C066,P02,PR05,2025-11-21,1354,27.08,Yes,Yes,Failed
T02251,C437,P05,PR05,2025-03-08,14853,297.06,No,No,Failed
T02252,C125,P12,PR01,2025-04-10,7265,217.95,Yes,No,Success
T02253,C454,P02,PR01,2025-07-28,22485,674.55,Yes,Yes,Success
T02254,C367,P20,PR06,2025-04-29,23072,807.52,No,No,Success
T02255,C050,P20,PR03,2025-10-03,38809,1940.45,Yes,No,Success
T02256,C046,P14,PR05,2025-12-16,39704,794.08,No,No,Success
T02257,C443,P20,PR04,2025-01-21,25280,1011.2,No,Yes,Success
T02258,C484,P01,PR05,2025-05-15,8320,166.4,Yes,No,Success
T02259,C199,P13,PR02,2025-03-25,41138,1028.45,Yes,Yes,Failed
T02260,C250,P01,PR07,2025-09-14,28011,420.16,Yes,No,Failed
T02261,C431,P13,PR07,2025-08-24,27873,418.09,No,No,Success
T02262,C477,P05,PR02,2025-02-13,26321,658.03,Yes,No,Success
T02263,C147,P09,PR01,2025-06-03,38590,1157.7,No,No,Success
T02264,C157,P20,PR08,2025-04-07,45382,907.64,No,No,Success
T02265,C193,P06,PR02,2025-08-21,40117,1002.93,Yes,No,Success
T02266,C046,P10,PR04,2025-03-17,8198,327.92,Yes,No,Success
T02267,C176,P18,PR06,2025-12-23,48920,1712.2,Yes,No,Success
T02268,C326,P02,PR05,2025-10-01,34135,682.7,No,No,Success
T02269,C379,P20,PR05,2025-07-28,6928,138.56,Yes,Yes,Success
T02270,C337,P20,PR06,2025-10-20,6046,211.61,No,No,Success
T02271,C455,P05,PR02,2025-05-25,16190,404.75,No,No,Success
T02272,C187,P18,PR03,2025-05-01,4275,213.75,Yes,No,Success
T02273,C124,P03,PR06,2025-02-10,45688,1599.08,No,No,Success
T02274,C192,P09,PR04,2025-07-09,2334,93.36,No,No,Success
T02275,C138,P16,PR05,2025-06-19,44745,894.9,No,No,Success
T02276,C370,P11,PR05,2025-04-13,18080,361.6,Yes,Yes,Success
T02277,C202,P13,PR04,2025-11-01,18250,730.0,No,No,Success
T02278,C065,P03,PR04,2025-04-01,18873,754.92,Yes,No,Success
T02279,C171,P20,PR06,2025-06-06,38031,1331.09,Yes,No,Success
T02280,C166,P12,PR03,2025-10-22,9845,492.25,Yes,No,Success
T02281,C007,P15,PR01,2025-05-22,16197,485.91,Yes,No,Success
T02282,C093,P13,PR08,2025-03-04,17912,358.24,No,No,Pending
T02283,C279,P19,PR07,2025-04-11,43141,647.12,Yes,No,Failed
T02284,C398,P11,PR06,2025-06-08,20226,707.91,Yes,No,Success
T02285,C395,P15,PR03,2025-04-26,43608,2180.4,Yes,No,Failed
T02286,C352,P04,PR01,2025-09-11,42811,1284.33,No,No,Failed
T02287,C041,P12,PR01,2025-10-09,8380,251.4,Yes,No,Success
T02288,C186,P09,PR02,2025-04-01,14204,355.1,Yes,No,Success
T02289,C334,P16,PR02,2025-01-25,45082,1127.05,Yes,Yes,Pending
T02290,C013,P17,PR06,2025-07-30,44848,1569.68,No,No,Success
T02291,C237,P15,PR02,2025-03-09,29644,741.1,Yes,No,Success
T02292,C002,P04,PR01,2025-05-23,31172,935.16,No,No,Success
T02293,C183,P05,PR05,2025-08-13,46392,927.84,No,Yes,Failed
T02294,C266,P02,PR03,2025-01-19,43037,2151.85,Yes,Yes,Failed
T02295,C034,P10,PR01,2025-04-06,8890,266.7,Yes,No,Failed
T02296,C310,P10,PR01,2025-04-27,2234,67.02,No,No,Success
T02297,C271,P03,PR06,2025-09-11,26583,930.41,No,No,Success
T02298,C178,P12,PR01,2025-12-30,41291,1238.73,Yes,No,Success
T02299,C331,P06,PR05,2025-10-22,39882,797.64,No,No,Success
T02300,C192,P20,PR02,2025-06-30,47629,1190.73,No,No,Success
T02301,C087,P05,PR06,2025-11-24,10222,357.77,No,No,Success
T02302,C309,P20,PR05,2025-03-31,34723,694.46,Yes,No,Success
T02303,C401,P12,PR05,2025-04-26,15052,301.04,Yes,No,Success
T02304,C241,P13,PR03,2025-02-16,2777,138.85,No,No,Success
T02305,C311,P16,PR05,2025-03-03,25999,519.98,No,No,Success
T02306,C051,P01,PR01,2025-09-09,3028,90.84,Yes,No,Success
T02307,C114,P18,PR06,2025-12-14,36782,1287.37,Yes,No,Success
T02308,C342,P14,PR07,2025-12-29,32808,492.12,No,No,Success
T02309,C167,P15,PR03,2025-05-15,13627,681.35,Yes,Yes,Pending
T02310,C079,P05,PR02,2025-03-24,45775,1144.38,No,No,Success
T02311,C130,P05,PR05,2025-06-27,19638,392.76,Yes,No,Success
T02312,C351,P06,PR01,2025-04-02,44081,1322.43,No,No,Success
T02313,C173,P07,PR01,2025-07-10,40996,1229.88,No,No,Success
T02314,C246,P08,PR06,2025-02-04,47820,1673.7,No,Yes,Success
T02315,C142,P04,PR03,2025-05-01,32729,1636.45,Yes,No,Success
T02316,C396,P04,PR05,2025-12-01,20481,409.62,Yes,Yes,Failed
T02317,C090,P13,PR01,2025-12-05,25755,772.65,Yes,No,Success
T02318,C243,P12,PR02,2025-07-17,47692,1192.3,Yes,No,Success
T02319,C129,P19,PR01,2025-02-07,21368,641.04,No,No,Success
T02320,C369,P09,PR03,2025-02-06,28557,1427.85,Yes,No,Success
T02321,C009,P19,PR02,2025-12-10,18300,457.5,Yes,No,Success
T02322,C231,P18,PR02,2025-09-12,21539,538.48,Yes,Yes,Success
T02323,C010,P09,PR01,2025-03-28,9484,284.52,Yes,Yes,Success
T02324,C255,P04,PR05,2025-03-11,43231,864.62,No,Yes,Success
T02325,C125,P14,PR07,2025-11-14,37958,569.37,Yes,No,Success
T02326,C489,P17,PR03,2025-08-31,37619,1880.95,Yes,Yes,Success
T02327,C409,P20,PR04,2025-04-05,5736,229.44,Yes,No,Success
T02328,C357,P19,PR01,2025-09-29,22724,681.72,Yes,No,Success
T02329,C480,P07,PR03,2025-11-20,42272,2113.6,No,No,Success
T02330,C309,P03,PR02,2025-11-19,8055,201.38,No,No,Success
T02331,C372,P19,PR07,2025-11-23,44547,668.2,Yes,Yes,Success
T02332,C036,P12,PR01,2025-01-13,38910,1167.3,No,No,Success
T02333,C328,P15,PR08,2025-05-26,37399,747.98,Yes,No,Success
T02334,C238,P13,PR04,2025-06-06,37282,1491.28,Yes,No,Success
T02335,C230,P19,PR03,2025-08-19,38012,1900.6,No,No,Success
T02336,C456,P12,PR06,2025-08-07,25774,902.09,No,Yes,Failed
T02337,C126,P12,PR01,2025-06-11,27153,814.59,No,No,Success
T02338,C290,P14,PR05,2025-11-12,18351,367.02,Yes,No,Success
T02339,C333,P12,PR06,2025-03-12,37556,1314.46,Yes,No,Success
T02340,C304,P15,PR01,2025-01-05,24811,744.33,Yes,No,Success
T02341,C346,P07,PR01,2025-08-07,27600,828.0,Yes,No,Failed
T02342,C318,P18,PR05,2025-10-19,34874,697.48,No,No,Success
T02343,C223,P08,PR02,2025-06-02,43587,1089.67,No,No,Failed
T02344,C382,P08,PR07,2025-06-07,19646,294.69,No,No,Success
T02345,C203,P19,PR02,2025-11-05,8450,211.25,Yes,No,Success
T02346,C142,P19,PR05,2025-08-19,17439,348.78,Yes,No,Success
T02347,C270,P18,PR03,2025-03-29,1625,81.25,Yes,Yes,Success
T02348,C371,P16,PR04,2025-04-22,40178,1607.12,No,No,Success
T02349,C299,P09,PR05,2025-02-21,34735,694.7,Yes,Yes,Success
T02350,C229,P05,PR06,2025-02-01,37921,1327.24,No,Yes,Success
T02351,C155,P17,PR01,2025-06-28,21918,657.54,Yes,No,Success
T02352,C410,P19,PR03,2025-03-09,31473,1573.65,No,Yes,Success
T02353,C291,P14,PR01,2025-06-05,18728,561.84,Yes,Yes,Success
T02354,C422,P01,PR02,2025-03-14,4078,101.95,No,No,Success
T02355,C376,P15,PR05,2025-06-20,13871,277.42,No,No,Success
T02356,C170,P19,PR05,2025-06-22,12972,259.44,No,No,Pending
T02357,C498,P03,PR05,2025-10-21,28696,573.92,No,No,Success
T02358,C097,P09,PR03,2025-12-23,20052,1002.6,Yes,No,Success
T02359,C282,P12,PR02,2025-01-25,36023,900.58,No,No,Success
T02360,C478,P05,PR06,2025-01-18,10826,378.91,No,Yes,Success
T02361,C107,P04,PR01,2025-01-10,27145,814.35,Yes,No,Success
T02362,C355,P13,PR03,2025-10-04,49091,2454.55,No,Yes,Success
T02363,C161,P05,PR08,2025-10-19,43172,863.44,No,No,Success
T02364,C046,P16,PR01,2025-08-13,43348,1300.44,No,Yes,Success
T02365,C107,P11,PR08,2025-01-30,20298,405.96,Yes,No,Success
T02366,C084,P06,PR03,2025-10-14,3575,178.75,No,No,Success
T02367,C173,P06,PR01,2025-04-12,49757,1492.71,Yes,No,Success
T02368,C070,P01,PR05,2025-03-10,1110,22.2,Yes,No,Success
T02369,C118,P01,PR02,2025-04-23,1152,28.8,Yes,No,Success
T02370,C344,P14,PR05,2025-08-22,8551,171.02,Yes,No,Success
T02371,C313,P20,PR04,2025-06-27,31851,1274.04,No,No,Failed
T02372,C329,P12,PR01,2025-04-18,18718,561.54,Yes,No,Success
T02373,C285,P09,PR02,2025-09-07,38623,965.58,Yes,Yes,Success
T02374,C024,P05,PR06,2025-10-04,9138,319.83,Yes,Yes,Pending
T02375,C409,P01,PR05,2025-02-16,49088,981.76,Yes,Yes,Success
T02376,C027,P12,PR05,2025-01-30,19680,393.6,Yes,No,Success
T02377,C453,P18,PR06,2025-08-25,43790,1532.65,No,No,Success
T02378,C354,P16,PR04,2025-06-14,42184,1687.36,No,No,Success
T02379,C474,P09,PR06,2025-01-26,12485,436.98,Yes,No,Success
T02380,C079,P16,PR06,2025-11-19,29382,1028.37,Yes,No,Failed
T02381,C307,P02,PR01,2025-10-27,21252,637.56,No,No,Success
T02382,C131,P17,PR05,2025-03-17,47201,944.02,No,No,Success
T02383,C407,P06,PR04,2025-02-21,5500,220.0,Yes,Yes,Success
T02384,C022,P08,PR05,2025-12-23,34153,683.06,Yes,No,Success
T02385,C026,P03,PR06,2025-08-21,40751,1426.29,No,No,Success
T02386,C478,P08,PR05,2025-11-03,41740,834.8,Yes,Yes,Pending
T02387,C182,P06,PR05,2025-11-03,46011,920.22,Yes,No,Success
T02388,C090,P05,PR04,2025-09-10,11815,472.6,No,No,Success
T02389,C084,P01,PR05,2025-07-04,12413,248.26,No,Yes,Success
T02390,C165,P09,PR01,2025-10-30,45007,1350.21,No,No,Pending
T02391,C377,P01,PR06,2025-12-21,48999,1714.97,Yes,Yes,Pending
T02392,C450,P01,PR02,2025-06-06,29520,738.0,Yes,No,Success
T02393,C007,P09,PR05,2025-08-26,22165,443.3,Yes,Yes,Failed
T02394,C393,P17,PR05,2025-12-17,25241,504.82,Yes,No,Failed
T02395,C230,P16,PR01,2025-05-12,45187,1355.61,No,No,Success
T02396,C082,P20,PR05,2025-06-12,14210,284.2,Yes,No,Success
T02397,C407,P06,PR04,2025-03-23,21399,855.96,No,No,Success
T02398,C179,P18,PR01,2025-02-12,26672,800.16,Yes,No,Success
T02399,C475,P06,PR03,2025-03-19,48021,2401.05,Yes,Yes,Success
T02400,C112,P02,PR06,2025-03-19,27403,959.11,Yes,No,Success
T02401,C224,P08,PR05,2025-08-26,15743,314.86,No,No,Success
T02402,C371,P10,PR01,2025-12-07,41291,1238.73,No,Yes,Success
T02403,C133,P20,PR01,2025-09-21,43966,1318.98,Yes,No,Success
T02404,C055,P08,PR01,2025-12-02,47938,1438.14,Yes,No,Success
T02405,C361,P06,PR05,2025-02-02,15209,304.18,No,Yes,Failed
T02406,C401,P03,PR01,2025-07-10,11830,354.9,No,No,Failed
T02407,C276,P05,PR01,2025-08-11,24911,747.33,Yes,No,Pending
T02408,C054,P19,PR02,2025-02-26,1052,26.3,Yes,No,Success
T02409,C385,P05,PR03,2025-12-11,20527,1026.35,Yes,No,Success
T02410,C227,P17,PR07,2025-09-03,33125,496.88,Yes,No,Success
T02411,C327,P13,PR05,2025-05-25,25909,518.18,No,No,Success
T02412,C223,P05,PR05,2025-04-22,39545,790.9,Yes,Yes,Success
T02413,C415,P05,PR05,2025-04-02,29081,581.62,Yes,Yes,Success
T02414,C084,P20,PR01,2025-05-10,19133,573.99,Yes,No,Success
T02415,C470,P19,PR05,2025-12-25,33994,679.88,No,Yes,Failed
T02416,C302,P20,PR04,2025-11-01,27124,1084.96,No,No,Success
T02417,C264,P07,PR01,2025-02-26,11043,331.29,No,Yes,Success
T02418,C011,P06,PR04,2025-12-28,27358,1094.32,Yes,Yes,Failed
T02419,C173,P07,PR05,2025-10-06,35839,716.78,Yes,No,Success
T02420,C415,P06,PR05,2025-05-19,21906,438.12,Yes,No,Success
T02421,C284,P06,PR05,2025-08-02,23783,475.66,No,No,Success
T02422,C032,P02,PR05,2025-08-19,40572,811.44,Yes,No,Success
T02423,C478,P08,PR04,2025-04-27,29083,1163.32,Yes,No,Failed
T02424,C313,P13,PR06,2025-12-11,33372,1168.02,No,No,Success
T02425,C043,P17,PR04,2025-06-22,49454,1978.16,No,No,Pending
T02426,C424,P13,PR06,2025-04-01,49654,1737.89,Yes,Yes,Success
T02427,C001,P03,PR02,2025-04-08,7621,190.53,Yes,No,Success
T02428,C312,P05,PR06,2025-02-20,47482,1661.87,No,No,Success
T02429,C237,P20,PR02,2025-02-02,12744,318.6,Yes,No,Failed
T02430,C011,P13,PR05,2025-09-04,46395,927.9,Yes,Yes,Success
T02431,C190,P19,PR05,2025-03-27,47905,958.1,Yes,No,Success
T02432,C417,P09,PR01,2025-05-07,43372,1301.16,No,No,Success
T02433,C060,P15,PR04,2025-09-15,27353,1094.12,No,No,Success
T02434,C330,P08,PR05,2025-10-05,35446,708.92,No,No,Success
T02435,C367,P05,PR05,2025-12-26,1590,31.8,Yes,No,Pending
T02436,C392,P06,PR03,2025-11-10,25696,1284.8,No,No,Success
T02437,C158,P20,PR02,2025-09-17,13878,346.95,Yes,No,Success
T02438,C140,P14,PR02,2025-11-18,39975,999.38,No,No,Success
T02439,C442,P20,PR06,2025-01-12,38467,1346.35,Yes,No,Success
T02440,C303,P10,PR05,2025-02-02,28225,564.5,No,No,Success
T02441,C284,P20,PR01,2025-08-23,752,22.56,Yes,No,Success
T02442,C436,P19,PR03,2025-05-26,40988,2049.4,Yes,Yes,Success
T02443,C434,P10,PR06,2025-02-27,33534,1173.69,Yes,Yes,Success
T02444,C176,P07,PR05,2025-07-24,41782,835.64,No,No,Success
T02445,C398,P19,PR08,2025-10-01,19699,393.98,Yes,No,Success
T02446,C328,P17,PR05,2025-07-21,43942,878.84,No,No,Success
T02447,C084,P13,PR06,2025-03-13,2557,89.5,No,Yes,Success
T02448,C010,P18,PR05,2025-04-02,4511,90.22,Yes,No,Success
T02449,C001,P18,PR01,2025-10-04,15012,450.36,Yes,Yes,Success
T02450,C157,P18,PR01,2025-10-10,32118,963.54,Yes,No,Success
T02451,C055,P18,PR06,2025-06-27,49226,1722.91,Yes,No,Success
T02452,C404,P12,PR07,2025-01-07,29799,446.98,Yes,Yes,Success
T02453,C207,P04,PR05,2025-10-31,44987,899.74,No,No,Success
T02454,C199,P10,PR02,2025-02-19,23924,598.1,Yes,No,Success
T02455,C341,P10,PR04,2025-08-10,35978,1439.12,Yes,Yes,Success
T02456,C335,P04,PR06,2025-09-29,1778,62.23,Yes,No,Success
T02457,C324,P07,PR01,2025-08-07,7905,237.15,Yes,No,Success
T02458,C156,P09,PR02,2025-03-09,19874,496.85,No,No,Success
T02459,C489,P14,PR02,2025-10-14,22975,574.38,No,No,Failed
T02460,C194,P05,PR01,2025-03-06,3030,90.9,Yes,No,Success
T02461,C071,P11,PR04,2025-08-06,31805,1272.2,No,Yes,Failed
T02462,C170,P08,PR01,2025-04-21,1018,30.54,No,No,Success
T02463,C256,P10,PR05,2025-09-03,17448,348.96,No,No,Success
T02464,C306,P08,PR05,2025-11-04,24903,498.06,Yes,Yes,Success
T02465,C116,P11,PR06,2025-01-04,35520,1243.2,Yes,Yes,Success
T02466,C112,P04,PR02,2025-03-27,23286,582.15,No,No,Success
T02467,C202,P05,PR01,2025-12-04,16827,504.81,Yes,Yes,Failed
T02468,C122,P05,PR07,2025-11-21,31452,471.78,No,No,Success
T02469,C280,P08,PR02,2025-11-13,42609,1065.23,Yes,No,Success
T02470,C093,P19,PR05,2025-12-09,11704,234.08,Yes,No,Success
T02471,C052,P13,PR05,2025-03-01,20988,419.76,No,No,Success
T02472,C029,P11,PR01,2025-01-27,4862,145.86,Yes,No,Success
T02473,C230,P15,PR05,2025-06-07,17429,348.58,Yes,Yes,Success
T02474,C153,P15,PR02,2025-09-28,9750,243.75,No,No,Success
T02475,C061,P12,PR06,2025-10-25,30728,1075.48,Yes,No,Success
T02476,C434,P20,PR01,2025-04-15,19465,583.95,Yes,Yes,Success
T02477,C064,P17,PR01,2025-04-22,13294,398.82,Yes,No,Success
T02478,C267,P20,PR02,2025-04-04,42725,1068.12,Yes,Yes,Success
T02479,C416,P18,PR05,2025-02-04,11974,239.48,Yes,Yes,Success
T02480,C424,P18,PR01,2025-08-11,19193,575.79,Yes,No,Success
T02481,C157,P14,PR01,2025-06-17,45818,1374.54,No,Yes,Success
T02482,C026,P04,PR02,2025-09-20,34045,851.12,Yes,Yes,Success
T02483,C143,P13,PR04,2025-09-12,19671,786.84,Yes,No,Success
T02484,C415,P13,PR07,2025-10-29,39329,589.93,No,No,Success
T02485,C301,P20,PR06,2025-10-22,9449,330.72,Yes,No,Success
T02486,C027,P20,PR02,2025-10-28,22877,571.93,Yes,No,Success
T02487,C305,P18,PR01,2025-06-24,35382,1061.46,Yes,No,Success
T02488,C363,P11,PR02,2025-03-25,45310,1132.75,Yes,Yes,Success
T02489,C464,P10,PR05,2025-03-29,19538,390.76,No,No,Success
T02490,C153,P20,PR05,2025-12-10,34362,687.24,No,No,Success
T02491,C422,P16,PR01,2025-06-18,24809,744.27,No,No,Success
T02492,C380,P04,PR01,2025-10-31,34468,1034.04,Yes,Yes,Success
T02493,C276,P20,PR05,2025-12-05,48415,968.3,No,No,Success
T02494,C271,P18,PR06,2025-04-07,20110,703.85,No,No,Success
T02495,C475,P11,PR01,2025-10-25,1442,43.26,Yes,No,Success
T02496,C405,P09,PR02,2025-04-16,6980,174.5,Yes,No,Success
T02497,C054,P03,PR08,2025-04-04,34799,695.98,No,No,Success
T02498,C223,P18,PR05,2025-02-28,49782,995.64,No,No,Success
T02499,C041,P09,PR08,2025-06-22,35808,716.16,Yes,No,Success
T02500,C470,P19,PR05,2025-11-19,43536,870.72,No,No,Success
